ID	Title	From	To	House	Term	Session	Meeting	Sitting	Agenda	Subcorpus	Speaker_role	Speaker_type	Speaker_party	Speaker_party_name	Party_status	Speaker_name	Speaker_gender	Speaker_birth
ParlaMint-GR_2015-02-24-S1-commons.u1	Minutes of the assembly of the greek parliament, Term 16, session 1, sitting 8, 2015-02-24	2015-02-24	2015-02-24		ΙΣΤ					Reference	Chairperson	MP	ΣΥ.ΡΙΖ.Α.	Συνασπισμός Ριζοσπαστικής Αριστεράς - Προοδευτική Συμμαχία	Coalition	ΚΩΝΣΤΑΝΤΟΠΟΥΛΟΥ, ΖΩΗ	F	-
ParlaMint-GR_2015-02-24-S1-commons.u2	Minutes of the assembly of the greek parliament, Term 16, session 1, sitting 8, 2015-02-24	2015-02-24	2015-02-24		ΙΣΤ					Reference	Chairperson	MP	ΣΥ.ΡΙΖ.Α.	Συνασπισμός Ριζοσπαστικής Αριστεράς - Προοδευτική Συμμαχία	Coalition	ΚΩΝΣΤΑΝΤΟΠΟΥΛΟΥ, ΖΩΗ	F	-
ParlaMint-GR_2015-02-24-S1-commons.u3	Minutes of the assembly of the greek parliament, Term 16, session 1, sitting 8, 2015-02-24	2015-02-24	2015-02-24		ΙΣΤ					Reference	Chairperson	MP	ΣΥ.ΡΙΖ.Α.	Συνασπισμός Ριζοσπαστικής Αριστεράς - Προοδευτική Συμμαχία	Coalition	ΚΩΝΣΤΑΝΤΟΠΟΥΛΟΥ, ΖΩΗ	F	-
ParlaMint-GR_2015-02-24-S1-commons.u4	Minutes of the assembly of the greek parliament, Term 16, session 1, sitting 8, 2015-02-24	2015-02-24	2015-02-24		ΙΣΤ					Reference	Regular	MP	Ν.Δ.	Νέα Δημοκρατία	Opposition	ΓΕΩΡΓΙΑΔΗΣ, ΣΠΥΡΙΔΩΝ ΑΔΩΝΙΣ	M	-
ParlaMint-GR_2015-02-24-S1-commons.u5	Minutes of the assembly of the greek parliament, Term 16, session 1, sitting 8, 2015-02-24	2015-02-24	2015-02-24		ΙΣΤ					Reference	Chairperson	MP	ΣΥ.ΡΙΖ.Α.	Συνασπισμός Ριζοσπαστικής Αριστεράς - Προοδευτική Συμμαχία	Coalition	ΚΩΝΣΤΑΝΤΟΠΟΥΛΟΥ, ΖΩΗ	F	-
ParlaMint-GR_2015-02-24-S1-commons.u6	Minutes of the assembly of the greek parliament, Term 16, session 1, sitting 8, 2015-02-24	2015-02-24	2015-02-24		ΙΣΤ					Reference	Regular	MP	Ν.Δ.	Νέα Δημοκρατία	Opposition	ΓΕΩΡΓΙΑΔΗΣ, ΣΠΥΡΙΔΩΝ ΑΔΩΝΙΣ	M	-
ParlaMint-GR_2015-02-24-S1-commons.u7	Minutes of the assembly of the greek parliament, Term 16, session 1, sitting 8, 2015-02-24	2015-02-24	2015-02-24		ΙΣΤ					Reference	Chairperson	MP	ΣΥ.ΡΙΖ.Α.	Συνασπισμός Ριζοσπαστικής Αριστεράς - Προοδευτική Συμμαχία	Coalition	ΚΩΝΣΤΑΝΤΟΠΟΥΛΟΥ, ΖΩΗ	F	-
ParlaMint-GR_2015-02-24-S1-commons.u8	Minutes of the assembly of the greek parliament, Term 16, session 1, sitting 8, 2015-02-24	2015-02-24	2015-02-24		ΙΣΤ					Reference	Regular	MP	ΠΑ.ΣΟ.Κ.	Πανελλήνιο Σοσιαλιστικό Κίνημα	Opposition	ΚΟΥΤΣΟΥΚΟΣ, ΓΙΑΝΝΗΣ	M	-
ParlaMint-GR_2015-02-24-S1-commons.u9	Minutes of the assembly of the greek parliament, Term 16, session 1, sitting 8, 2015-02-24	2015-02-24	2015-02-24		ΙΣΤ					Reference	Regular	MP	Ν.Δ.	Νέα Δημοκρατία	Opposition	ΓΕΩΡΓΙΑΔΗΣ, ΣΠΥΡΙΔΩΝ ΑΔΩΝΙΣ	M	-
ParlaMint-GR_2015-02-24-S1-commons.u10	Minutes of the assembly of the greek parliament, Term 16, session 1, sitting 8, 2015-02-24	2015-02-24	2015-02-24		ΙΣΤ					Reference	Regular	MP	ΠΑ.ΣΟ.Κ.	Πανελλήνιο Σοσιαλιστικό Κίνημα	Opposition	ΔΡΙΒΕΛΕΓΚΑΣ, ΙΩΑΝΝΗΣ	M	-
ParlaMint-GR_2015-02-24-S1-commons.u11	Minutes of the assembly of the greek parliament, Term 16, session 1, sitting 8, 2015-02-24	2015-02-24	2015-02-24		ΙΣΤ					Reference	Chairperson	MP	ΣΥ.ΡΙΖ.Α.	Συνασπισμός Ριζοσπαστικής Αριστεράς - Προοδευτική Συμμαχία	Coalition	ΚΩΝΣΤΑΝΤΟΠΟΥΛΟΥ, ΖΩΗ	F	-
ParlaMint-GR_2015-02-24-S1-commons.u12	Minutes of the assembly of the greek parliament, Term 16, session 1, sitting 8, 2015-02-24	2015-02-24	2015-02-24		ΙΣΤ					Reference	Regular	MP	Ν.Δ.	Νέα Δημοκρατία	Opposition	ΓΕΩΡΓΙΑΔΗΣ, ΣΠΥΡΙΔΩΝ ΑΔΩΝΙΣ	M	-
ParlaMint-GR_2015-02-24-S1-commons.u13	Minutes of the assembly of the greek parliament, Term 16, session 1, sitting 8, 2015-02-24	2015-02-24	2015-02-24		ΙΣΤ					Reference	Chairperson	MP	ΣΥ.ΡΙΖ.Α.	Συνασπισμός Ριζοσπαστικής Αριστεράς - Προοδευτική Συμμαχία	Coalition	ΚΩΝΣΤΑΝΤΟΠΟΥΛΟΥ, ΖΩΗ	F	-
ParlaMint-GR_2015-02-24-S1-commons.u14	Minutes of the assembly of the greek parliament, Term 16, session 1, sitting 8, 2015-02-24	2015-02-24	2015-02-24		ΙΣΤ					Reference	Regular	MP	ΠΑ.ΣΟ.Κ.	Πανελλήνιο Σοσιαλιστικό Κίνημα	Opposition	ΚΟΥΤΣΟΥΚΟΣ, ΓΙΑΝΝΗΣ	M	-
ParlaMint-GR_2015-02-24-S1-commons.u15	Minutes of the assembly of the greek parliament, Term 16, session 1, sitting 8, 2015-02-24	2015-02-24	2015-02-24		ΙΣΤ					Reference	Chairperson	MP	ΣΥ.ΡΙΖ.Α.	Συνασπισμός Ριζοσπαστικής Αριστεράς - Προοδευτική Συμμαχία	Coalition	ΚΩΝΣΤΑΝΤΟΠΟΥΛΟΥ, ΖΩΗ	F	-
ParlaMint-GR_2015-02-24-S1-commons.u16	Minutes of the assembly of the greek parliament, Term 16, session 1, sitting 8, 2015-02-24	2015-02-24	2015-02-24		ΙΣΤ					Reference	Regular	MP	Ν.Δ.	Νέα Δημοκρατία	Opposition	ΒΟΡΙΔΗΣ, ΜΑΥΡΟΥΔΗΣ	M	-
ParlaMint-GR_2015-02-24-S1-commons.u17	Minutes of the assembly of the greek parliament, Term 16, session 1, sitting 8, 2015-02-24	2015-02-24	2015-02-24		ΙΣΤ					Reference	Regular	MP	ΠΑ.ΣΟ.Κ.	Πανελλήνιο Σοσιαλιστικό Κίνημα	Opposition	ΛΟΒΕΡΔΟΣ, ΑΝΔΡΕΑΣ	M	-
ParlaMint-GR_2015-02-24-S1-commons.u18	Minutes of the assembly of the greek parliament, Term 16, session 1, sitting 8, 2015-02-24	2015-02-24	2015-02-24		ΙΣΤ					Reference	Chairperson	MP	ΣΥ.ΡΙΖ.Α.	Συνασπισμός Ριζοσπαστικής Αριστεράς - Προοδευτική Συμμαχία	Coalition	ΚΩΝΣΤΑΝΤΟΠΟΥΛΟΥ, ΖΩΗ	F	-
ParlaMint-GR_2015-02-24-S1-commons.u19	Minutes of the assembly of the greek parliament, Term 16, session 1, sitting 8, 2015-02-24	2015-02-24	2015-02-24		ΙΣΤ					Reference	Regular	MP	Χ.Α.	Λαϊκός Σύνδεσμος - Χρυσή Αυγή	Opposition	ΠΑΝΑΓΙΩΤΑΡΟΣ, ΗΛΙΑΣ	M	-
ParlaMint-GR_2015-02-24-S1-commons.u20	Minutes of the assembly of the greek parliament, Term 16, session 1, sitting 8, 2015-02-24	2015-02-24	2015-02-24		ΙΣΤ					Reference	Regular	MP	Ν.Δ.	Νέα Δημοκρατία	Opposition	ΜΕΙΜΑΡΑΚΗΣ, ΕΥΑΓΓΕΛΟΣ ΒΑΣΙΛΕΙΟΣ	M	-
ParlaMint-GR_2015-02-24-S1-commons.u21	Minutes of the assembly of the greek parliament, Term 16, session 1, sitting 8, 2015-02-24	2015-02-24	2015-02-24		ΙΣΤ					Reference	Chairperson	MP	ΣΥ.ΡΙΖ.Α.	Συνασπισμός Ριζοσπαστικής Αριστεράς - Προοδευτική Συμμαχία	Coalition	ΚΩΝΣΤΑΝΤΟΠΟΥΛΟΥ, ΖΩΗ	F	-
ParlaMint-GR_2015-02-24-S1-commons.u22	Minutes of the assembly of the greek parliament, Term 16, session 1, sitting 8, 2015-02-24	2015-02-24	2015-02-24		ΙΣΤ					Reference	Regular	MP	Ν.Δ.	Νέα Δημοκρατία	Opposition	ΜΕΙΜΑΡΑΚΗΣ, ΕΥΑΓΓΕΛΟΣ ΒΑΣΙΛΕΙΟΣ	M	-
ParlaMint-GR_2015-02-24-S1-commons.u23	Minutes of the assembly of the greek parliament, Term 16, session 1, sitting 8, 2015-02-24	2015-02-24	2015-02-24		ΙΣΤ					Reference	Regular	MP	ΣΥ.ΡΙΖ.Α.	Συνασπισμός Ριζοσπαστικής Αριστεράς - Προοδευτική Συμμαχία	Coalition	ΛΑΦΑΖΑΝΗΣ, ΠΑΝΑΓΙΩΤΗΣ	M	-
ParlaMint-GR_2015-02-24-S1-commons.u24	Minutes of the assembly of the greek parliament, Term 16, session 1, sitting 8, 2015-02-24	2015-02-24	2015-02-24		ΙΣΤ					Reference	Regular	MP	Ν.Δ.	Νέα Δημοκρατία	Opposition	ΜΕΙΜΑΡΑΚΗΣ, ΕΥΑΓΓΕΛΟΣ ΒΑΣΙΛΕΙΟΣ	M	-
ParlaMint-GR_2015-02-24-S1-commons.u25	Minutes of the assembly of the greek parliament, Term 16, session 1, sitting 8, 2015-02-24	2015-02-24	2015-02-24		ΙΣΤ					Reference	Regular	MP	ΣΥ.ΡΙΖ.Α.	Συνασπισμός Ριζοσπαστικής Αριστεράς - Προοδευτική Συμμαχία	Coalition	ΛΑΦΑΖΑΝΗΣ, ΠΑΝΑΓΙΩΤΗΣ	M	-
ParlaMint-GR_2015-02-24-S1-commons.u26	Minutes of the assembly of the greek parliament, Term 16, session 1, sitting 8, 2015-02-24	2015-02-24	2015-02-24		ΙΣΤ					Reference	Regular	MP	Ν.Δ.	Νέα Δημοκρατία	Opposition	ΜΕΙΜΑΡΑΚΗΣ, ΕΥΑΓΓΕΛΟΣ ΒΑΣΙΛΕΙΟΣ	M	-
ParlaMint-GR_2015-02-24-S1-commons.u27	Minutes of the assembly of the greek parliament, Term 16, session 1, sitting 8, 2015-02-24	2015-02-24	2015-02-24		ΙΣΤ					Reference	Chairperson	MP	ΣΥ.ΡΙΖ.Α.	Συνασπισμός Ριζοσπαστικής Αριστεράς - Προοδευτική Συμμαχία	Coalition	ΚΩΝΣΤΑΝΤΟΠΟΥΛΟΥ, ΖΩΗ	F	-
ParlaMint-GR_2015-02-24-S1-commons.u28	Minutes of the assembly of the greek parliament, Term 16, session 1, sitting 8, 2015-02-24	2015-02-24	2015-02-24		ΙΣΤ					Reference	Regular	MP	Ν.Δ.	Νέα Δημοκρατία	Opposition	ΜΗΤΣΟΤΑΚΗΣ, ΚΥΡΙΑΚΟΣ	M	-
ParlaMint-GR_2015-02-24-S1-commons.u29	Minutes of the assembly of the greek parliament, Term 16, session 1, sitting 8, 2015-02-24	2015-02-24	2015-02-24		ΙΣΤ					Reference	Chairperson	MP	ΣΥ.ΡΙΖ.Α.	Συνασπισμός Ριζοσπαστικής Αριστεράς - Προοδευτική Συμμαχία	Coalition	ΚΩΝΣΤΑΝΤΟΠΟΥΛΟΥ, ΖΩΗ	F	-
ParlaMint-GR_2015-02-24-S1-commons.u30	Minutes of the assembly of the greek parliament, Term 16, session 1, sitting 8, 2015-02-24	2015-02-24	2015-02-24		ΙΣΤ					Reference	Regular	MP	ΠΑ.ΣΟ.Κ.	Πανελλήνιο Σοσιαλιστικό Κίνημα	Opposition	ΓΡΗΓΟΡΑΚΟΣ, ΛΕΩΝΙΔΑΣ	M	-
ParlaMint-GR_2015-02-24-S1-commons.u31	Minutes of the assembly of the greek parliament, Term 16, session 1, sitting 8, 2015-02-24	2015-02-24	2015-02-24		ΙΣΤ					Reference	Chairperson	MP	ΣΥ.ΡΙΖ.Α.	Συνασπισμός Ριζοσπαστικής Αριστεράς - Προοδευτική Συμμαχία	Coalition	ΚΩΝΣΤΑΝΤΟΠΟΥΛΟΥ, ΖΩΗ	F	-
ParlaMint-GR_2015-02-24-S1-commons.u32	Minutes of the assembly of the greek parliament, Term 16, session 1, sitting 8, 2015-02-24	2015-02-24	2015-02-24		ΙΣΤ					Reference	Regular	MP	ΠΑ.ΣΟ.Κ.	Πανελλήνιο Σοσιαλιστικό Κίνημα	Opposition	ΔΡΙΒΕΛΕΓΚΑΣ, ΙΩΑΝΝΗΣ	M	-
ParlaMint-GR_2015-02-24-S1-commons.u33	Minutes of the assembly of the greek parliament, Term 16, session 1, sitting 8, 2015-02-24	2015-02-24	2015-02-24		ΙΣΤ					Reference	Regular	MP	Ν.Δ.	Νέα Δημοκρατία	Opposition	ΜΕΙΜΑΡΑΚΗΣ, ΕΥΑΓΓΕΛΟΣ ΒΑΣΙΛΕΙΟΣ	M	-
ParlaMint-GR_2015-02-24-S1-commons.u34	Minutes of the assembly of the greek parliament, Term 16, session 1, sitting 8, 2015-02-24	2015-02-24	2015-02-24		ΙΣΤ					Reference	Chairperson	MP	ΣΥ.ΡΙΖ.Α.	Συνασπισμός Ριζοσπαστικής Αριστεράς - Προοδευτική Συμμαχία	Coalition	ΚΩΝΣΤΑΝΤΟΠΟΥΛΟΥ, ΖΩΗ	F	-
ParlaMint-GR_2015-02-24-S1-commons.u35	Minutes of the assembly of the greek parliament, Term 16, session 1, sitting 8, 2015-02-24	2015-02-24	2015-02-24		ΙΣΤ					Reference	Regular	MP	ΣΥ.ΡΙΖ.Α.	Συνασπισμός Ριζοσπαστικής Αριστεράς - Προοδευτική Συμμαχία	Coalition	ΦΙΛΗΣ, ΝΙΚΟΛΑΟΣ	M	-
ParlaMint-GR_2015-02-24-S1-commons.u36	Minutes of the assembly of the greek parliament, Term 16, session 1, sitting 8, 2015-02-24	2015-02-24	2015-02-24		ΙΣΤ					Reference	Chairperson	MP	ΣΥ.ΡΙΖ.Α.	Συνασπισμός Ριζοσπαστικής Αριστεράς - Προοδευτική Συμμαχία	Coalition	ΚΩΝΣΤΑΝΤΟΠΟΥΛΟΥ, ΖΩΗ	F	-
ParlaMint-GR_2015-02-24-S1-commons.u37	Minutes of the assembly of the greek parliament, Term 16, session 1, sitting 8, 2015-02-24	2015-02-24	2015-02-24		ΙΣΤ					Reference	Regular	MP	Ν.Δ.	Νέα Δημοκρατία	Opposition	ΜΗΤΣΟΤΑΚΗΣ, ΚΥΡΙΑΚΟΣ	M	-
ParlaMint-GR_2015-02-24-S1-commons.u38	Minutes of the assembly of the greek parliament, Term 16, session 1, sitting 8, 2015-02-24	2015-02-24	2015-02-24		ΙΣΤ					Reference	Chairperson	MP	ΣΥ.ΡΙΖ.Α.	Συνασπισμός Ριζοσπαστικής Αριστεράς - Προοδευτική Συμμαχία	Coalition	ΚΩΝΣΤΑΝΤΟΠΟΥΛΟΥ, ΖΩΗ	F	-
ParlaMint-GR_2015-02-24-S1-commons.u39	Minutes of the assembly of the greek parliament, Term 16, session 1, sitting 8, 2015-02-24	2015-02-24	2015-02-24		ΙΣΤ					Reference	Regular	MP	Ν.Δ.	Νέα Δημοκρατία	Opposition	ΜΗΤΣΟΤΑΚΗΣ, ΚΥΡΙΑΚΟΣ	M	-
ParlaMint-GR_2015-02-24-S1-commons.u40	Minutes of the assembly of the greek parliament, Term 16, session 1, sitting 8, 2015-02-24	2015-02-24	2015-02-24		ΙΣΤ					Reference	Chairperson	MP	ΣΥ.ΡΙΖ.Α.	Συνασπισμός Ριζοσπαστικής Αριστεράς - Προοδευτική Συμμαχία	Coalition	ΚΩΝΣΤΑΝΤΟΠΟΥΛΟΥ, ΖΩΗ	F	-
ParlaMint-GR_2015-02-24-S1-commons.u41	Minutes of the assembly of the greek parliament, Term 16, session 1, sitting 8, 2015-02-24	2015-02-24	2015-02-24		ΙΣΤ					Reference	Regular	MP	Ν.Δ.	Νέα Δημοκρατία	Opposition	ΜΠΑΚΟΓΙΑΝΝΗ, ΘΕΟΔΩΡΑ	F	-
ParlaMint-GR_2015-02-24-S1-commons.u42	Minutes of the assembly of the greek parliament, Term 16, session 1, sitting 8, 2015-02-24	2015-02-24	2015-02-24		ΙΣΤ					Reference	Chairperson	MP	ΣΥ.ΡΙΖ.Α.	Συνασπισμός Ριζοσπαστικής Αριστεράς - Προοδευτική Συμμαχία	Coalition	ΚΩΝΣΤΑΝΤΟΠΟΥΛΟΥ, ΖΩΗ	F	-
ParlaMint-GR_2015-02-24-S1-commons.u43	Minutes of the assembly of the greek parliament, Term 16, session 1, sitting 8, 2015-02-24	2015-02-24	2015-02-24		ΙΣΤ					Reference	Regular	MP	Ν.Δ.	Νέα Δημοκρατία	Opposition	ΑΘΑΝΑΣΙΟΥ, ΧΑΡΑΛΑΜΠΟΣ	M	-
ParlaMint-GR_2015-02-24-S1-commons.u44	Minutes of the assembly of the greek parliament, Term 16, session 1, sitting 8, 2015-02-24	2015-02-24	2015-02-24		ΙΣΤ					Reference	Regular	MP	Τ.Π.	Το Ποτάμι	Opposition	ΘΕΟΧΑΡΗΣ, ΘΕΟΧΑΡΗΣ	M	-
ParlaMint-GR_2015-02-24-S1-commons.u45	Minutes of the assembly of the greek parliament, Term 16, session 1, sitting 8, 2015-02-24	2015-02-24	2015-02-24		ΙΣΤ					Reference	Chairperson	MP	ΣΥ.ΡΙΖ.Α.	Συνασπισμός Ριζοσπαστικής Αριστεράς - Προοδευτική Συμμαχία	Coalition	ΚΩΝΣΤΑΝΤΟΠΟΥΛΟΥ, ΖΩΗ	F	-
ParlaMint-GR_2015-02-24-S1-commons.u46	Minutes of the assembly of the greek parliament, Term 16, session 1, sitting 8, 2015-02-24	2015-02-24	2015-02-24		ΙΣΤ					Reference	Chairperson	MP	ΣΥ.ΡΙΖ.Α.	Συνασπισμός Ριζοσπαστικής Αριστεράς - Προοδευτική Συμμαχία	Coalition	ΚΩΝΣΤΑΝΤΟΠΟΥΛΟΥ, ΖΩΗ	F	-
ParlaMint-GR_2015-02-24-S1-commons.u47	Minutes of the assembly of the greek parliament, Term 16, session 1, sitting 8, 2015-02-24	2015-02-24	2015-02-24		ΙΣΤ					Reference	Chairperson	MP	ΣΥ.ΡΙΖ.Α.	Συνασπισμός Ριζοσπαστικής Αριστεράς - Προοδευτική Συμμαχία	Coalition	ΚΩΝΣΤΑΝΤΟΠΟΥΛΟΥ, ΖΩΗ	F	-
ParlaMint-GR_2015-02-24-S1-commons.u48	Minutes of the assembly of the greek parliament, Term 16, session 1, sitting 8, 2015-02-24	2015-02-24	2015-02-24		ΙΣΤ					Reference	Regular	MP	ΠΑ.ΣΟ.Κ.	Πανελλήνιο Σοσιαλιστικό Κίνημα	Opposition	ΒΕΝΙΖΕΛΟΣ, ΕΥΑΓΓΕΛΟΣ	M	-
ParlaMint-GR_2015-02-24-S1-commons.u49	Minutes of the assembly of the greek parliament, Term 16, session 1, sitting 8, 2015-02-24	2015-02-24	2015-02-24		ΙΣΤ					Reference	Chairperson	MP	ΣΥ.ΡΙΖ.Α.	Συνασπισμός Ριζοσπαστικής Αριστεράς - Προοδευτική Συμμαχία	Coalition	ΚΩΝΣΤΑΝΤΟΠΟΥΛΟΥ, ΖΩΗ	F	-
ParlaMint-GR_2015-02-24-S1-commons.u50	Minutes of the assembly of the greek parliament, Term 16, session 1, sitting 8, 2015-02-24	2015-02-24	2015-02-24		ΙΣΤ					Reference	Regular	MP	Ν.Δ.	Νέα Δημοκρατία	Opposition	ΜΗΤΣΟΤΑΚΗΣ, ΚΥΡΙΑΚΟΣ	M	-
ParlaMint-GR_2015-02-24-S1-commons.u51	Minutes of the assembly of the greek parliament, Term 16, session 1, sitting 8, 2015-02-24	2015-02-24	2015-02-24		ΙΣΤ					Reference	Chairperson	MP	ΣΥ.ΡΙΖ.Α.	Συνασπισμός Ριζοσπαστικής Αριστεράς - Προοδευτική Συμμαχία	Coalition	ΚΩΝΣΤΑΝΤΟΠΟΥΛΟΥ, ΖΩΗ	F	-
ParlaMint-GR_2015-02-24-S1-commons.u52	Minutes of the assembly of the greek parliament, Term 16, session 1, sitting 8, 2015-02-24	2015-02-24	2015-02-24		ΙΣΤ					Reference	Regular	MP	Ν.Δ.	Νέα Δημοκρατία	Opposition	ΜΗΤΣΟΤΑΚΗΣ, ΚΥΡΙΑΚΟΣ	M	-
ParlaMint-GR_2015-02-24-S1-commons.u53	Minutes of the assembly of the greek parliament, Term 16, session 1, sitting 8, 2015-02-24	2015-02-24	2015-02-24		ΙΣΤ					Reference	Chairperson	MP	ΣΥ.ΡΙΖ.Α.	Συνασπισμός Ριζοσπαστικής Αριστεράς - Προοδευτική Συμμαχία	Coalition	ΚΩΝΣΤΑΝΤΟΠΟΥΛΟΥ, ΖΩΗ	F	-
ParlaMint-GR_2015-02-24-S1-commons.u54	Minutes of the assembly of the greek parliament, Term 16, session 1, sitting 8, 2015-02-24	2015-02-24	2015-02-24		ΙΣΤ					Reference	Regular	MP	Ν.Δ.	Νέα Δημοκρατία	Opposition	ΜΗΤΣΟΤΑΚΗΣ, ΚΥΡΙΑΚΟΣ	M	-
ParlaMint-GR_2015-02-24-S1-commons.u55	Minutes of the assembly of the greek parliament, Term 16, session 1, sitting 8, 2015-02-24	2015-02-24	2015-02-24		ΙΣΤ					Reference	Chairperson	MP	ΣΥ.ΡΙΖ.Α.	Συνασπισμός Ριζοσπαστικής Αριστεράς - Προοδευτική Συμμαχία	Coalition	ΚΩΝΣΤΑΝΤΟΠΟΥΛΟΥ, ΖΩΗ	F	-
ParlaMint-GR_2015-02-24-S1-commons.u56	Minutes of the assembly of the greek parliament, Term 16, session 1, sitting 8, 2015-02-24	2015-02-24	2015-02-24		ΙΣΤ					Reference	Regular	MP	Ν.Δ.	Νέα Δημοκρατία	Opposition	ΜΗΤΣΟΤΑΚΗΣ, ΚΥΡΙΑΚΟΣ	M	-
ParlaMint-GR_2015-02-24-S1-commons.u57	Minutes of the assembly of the greek parliament, Term 16, session 1, sitting 8, 2015-02-24	2015-02-24	2015-02-24		ΙΣΤ					Reference	Chairperson	MP	ΣΥ.ΡΙΖ.Α.	Συνασπισμός Ριζοσπαστικής Αριστεράς - Προοδευτική Συμμαχία	Coalition	ΚΩΝΣΤΑΝΤΟΠΟΥΛΟΥ, ΖΩΗ	F	-
ParlaMint-GR_2015-02-24-S1-commons.u58	Minutes of the assembly of the greek parliament, Term 16, session 1, sitting 8, 2015-02-24	2015-02-24	2015-02-24		ΙΣΤ					Reference	Regular	MP	ΠΑ.ΣΟ.Κ.	Πανελλήνιο Σοσιαλιστικό Κίνημα	Opposition	ΒΕΝΙΖΕΛΟΣ, ΕΥΑΓΓΕΛΟΣ	M	-
ParlaMint-GR_2015-02-24-S1-commons.u59	Minutes of the assembly of the greek parliament, Term 16, session 1, sitting 8, 2015-02-24	2015-02-24	2015-02-24		ΙΣΤ					Reference	Chairperson	MP	ΣΥ.ΡΙΖ.Α.	Συνασπισμός Ριζοσπαστικής Αριστεράς - Προοδευτική Συμμαχία	Coalition	ΚΩΝΣΤΑΝΤΟΠΟΥΛΟΥ, ΖΩΗ	F	-
ParlaMint-GR_2015-02-24-S1-commons.u60	Minutes of the assembly of the greek parliament, Term 16, session 1, sitting 8, 2015-02-24	2015-02-24	2015-02-24		ΙΣΤ					Reference	Regular	MP	ΠΑ.ΣΟ.Κ.	Πανελλήνιο Σοσιαλιστικό Κίνημα	Opposition	ΒΕΝΙΖΕΛΟΣ, ΕΥΑΓΓΕΛΟΣ	M	-
ParlaMint-GR_2015-02-24-S1-commons.u61	Minutes of the assembly of the greek parliament, Term 16, session 1, sitting 8, 2015-02-24	2015-02-24	2015-02-24		ΙΣΤ					Reference	Chairperson	MP	ΣΥ.ΡΙΖ.Α.	Συνασπισμός Ριζοσπαστικής Αριστεράς - Προοδευτική Συμμαχία	Coalition	ΚΩΝΣΤΑΝΤΟΠΟΥΛΟΥ, ΖΩΗ	F	-
ParlaMint-GR_2015-02-24-S1-commons.u62	Minutes of the assembly of the greek parliament, Term 16, session 1, sitting 8, 2015-02-24	2015-02-24	2015-02-24		ΙΣΤ					Reference	Regular	MP	ΠΑ.ΣΟ.Κ.	Πανελλήνιο Σοσιαλιστικό Κίνημα	Opposition	ΒΕΝΙΖΕΛΟΣ, ΕΥΑΓΓΕΛΟΣ	M	-
ParlaMint-GR_2015-02-24-S1-commons.u63	Minutes of the assembly of the greek parliament, Term 16, session 1, sitting 8, 2015-02-24	2015-02-24	2015-02-24		ΙΣΤ					Reference	Chairperson	MP	ΣΥ.ΡΙΖ.Α.	Συνασπισμός Ριζοσπαστικής Αριστεράς - Προοδευτική Συμμαχία	Coalition	ΚΩΝΣΤΑΝΤΟΠΟΥΛΟΥ, ΖΩΗ	F	-
ParlaMint-GR_2015-02-24-S1-commons.u64	Minutes of the assembly of the greek parliament, Term 16, session 1, sitting 8, 2015-02-24	2015-02-24	2015-02-24		ΙΣΤ					Reference	Regular	MP	Ν.Δ.	Νέα Δημοκρατία	Opposition	ΓΕΩΡΓΙΑΔΗΣ, ΣΠΥΡΙΔΩΝ ΑΔΩΝΙΣ	M	-
ParlaMint-GR_2015-02-24-S1-commons.u65	Minutes of the assembly of the greek parliament, Term 16, session 1, sitting 8, 2015-02-24	2015-02-24	2015-02-24		ΙΣΤ					Reference	Chairperson	MP	ΣΥ.ΡΙΖ.Α.	Συνασπισμός Ριζοσπαστικής Αριστεράς - Προοδευτική Συμμαχία	Coalition	ΚΩΝΣΤΑΝΤΟΠΟΥΛΟΥ, ΖΩΗ	F	-
ParlaMint-GR_2015-02-24-S1-commons.u66	Minutes of the assembly of the greek parliament, Term 16, session 1, sitting 8, 2015-02-24	2015-02-24	2015-02-24		ΙΣΤ					Reference	Regular	MP	ΠΑ.ΣΟ.Κ.	Πανελλήνιο Σοσιαλιστικό Κίνημα	Opposition	ΒΕΝΙΖΕΛΟΣ, ΕΥΑΓΓΕΛΟΣ	M	-
ParlaMint-GR_2015-02-24-S1-commons.u67	Minutes of the assembly of the greek parliament, Term 16, session 1, sitting 8, 2015-02-24	2015-02-24	2015-02-24		ΙΣΤ					Reference	Chairperson	MP	ΣΥ.ΡΙΖ.Α.	Συνασπισμός Ριζοσπαστικής Αριστεράς - Προοδευτική Συμμαχία	Coalition	ΚΩΝΣΤΑΝΤΟΠΟΥΛΟΥ, ΖΩΗ	F	-
ParlaMint-GR_2015-02-24-S1-commons.u68	Minutes of the assembly of the greek parliament, Term 16, session 1, sitting 8, 2015-02-24	2015-02-24	2015-02-24		ΙΣΤ					Reference	Regular	MP	ΠΑ.ΣΟ.Κ.	Πανελλήνιο Σοσιαλιστικό Κίνημα	Opposition	ΒΕΝΙΖΕΛΟΣ, ΕΥΑΓΓΕΛΟΣ	M	-
ParlaMint-GR_2015-02-24-S1-commons.u69	Minutes of the assembly of the greek parliament, Term 16, session 1, sitting 8, 2015-02-24	2015-02-24	2015-02-24		ΙΣΤ					Reference	Chairperson	MP	ΣΥ.ΡΙΖ.Α.	Συνασπισμός Ριζοσπαστικής Αριστεράς - Προοδευτική Συμμαχία	Coalition	ΚΩΝΣΤΑΝΤΟΠΟΥΛΟΥ, ΖΩΗ	F	-
ParlaMint-GR_2015-02-24-S1-commons.u70	Minutes of the assembly of the greek parliament, Term 16, session 1, sitting 8, 2015-02-24	2015-02-24	2015-02-24		ΙΣΤ					Reference	Regular	MP	ΣΥ.ΡΙΖ.Α.	Συνασπισμός Ριζοσπαστικής Αριστεράς - Προοδευτική Συμμαχία	Coalition	ΦΙΛΗΣ, ΝΙΚΟΛΑΟΣ	M	-
ParlaMint-GR_2015-02-24-S1-commons.u71	Minutes of the assembly of the greek parliament, Term 16, session 1, sitting 8, 2015-02-24	2015-02-24	2015-02-24		ΙΣΤ					Reference	Regular	MP	ΠΑ.ΣΟ.Κ.	Πανελλήνιο Σοσιαλιστικό Κίνημα	Opposition	ΒΕΝΙΖΕΛΟΣ, ΕΥΑΓΓΕΛΟΣ	M	-
ParlaMint-GR_2015-02-24-S1-commons.u72	Minutes of the assembly of the greek parliament, Term 16, session 1, sitting 8, 2015-02-24	2015-02-24	2015-02-24		ΙΣΤ					Reference	Regular	MP	ΣΥ.ΡΙΖ.Α.	Συνασπισμός Ριζοσπαστικής Αριστεράς - Προοδευτική Συμμαχία	Coalition	ΦΙΛΗΣ, ΝΙΚΟΛΑΟΣ	M	-
ParlaMint-GR_2015-02-24-S1-commons.u73	Minutes of the assembly of the greek parliament, Term 16, session 1, sitting 8, 2015-02-24	2015-02-24	2015-02-24		ΙΣΤ					Reference	Regular	MP	Ν.Δ.	Νέα Δημοκρατία	Opposition	ΜΗΤΣΟΤΑΚΗΣ, ΚΥΡΙΑΚΟΣ	M	-
ParlaMint-GR_2015-02-24-S1-commons.u74	Minutes of the assembly of the greek parliament, Term 16, session 1, sitting 8, 2015-02-24	2015-02-24	2015-02-24		ΙΣΤ					Reference	Regular	MP	ΣΥ.ΡΙΖ.Α.	Συνασπισμός Ριζοσπαστικής Αριστεράς - Προοδευτική Συμμαχία	Coalition	ΦΙΛΗΣ, ΝΙΚΟΛΑΟΣ	M	-
ParlaMint-GR_2015-02-24-S1-commons.u75	Minutes of the assembly of the greek parliament, Term 16, session 1, sitting 8, 2015-02-24	2015-02-24	2015-02-24		ΙΣΤ					Reference	Regular	MP	Ν.Δ.	Νέα Δημοκρατία	Opposition	ΜΗΤΣΟΤΑΚΗΣ, ΚΥΡΙΑΚΟΣ	M	-
ParlaMint-GR_2015-02-24-S1-commons.u76	Minutes of the assembly of the greek parliament, Term 16, session 1, sitting 8, 2015-02-24	2015-02-24	2015-02-24		ΙΣΤ					Reference	Chairperson	MP	ΣΥ.ΡΙΖ.Α.	Συνασπισμός Ριζοσπαστικής Αριστεράς - Προοδευτική Συμμαχία	Coalition	ΚΩΝΣΤΑΝΤΟΠΟΥΛΟΥ, ΖΩΗ	F	-
ParlaMint-GR_2015-02-24-S1-commons.u77	Minutes of the assembly of the greek parliament, Term 16, session 1, sitting 8, 2015-02-24	2015-02-24	2015-02-24		ΙΣΤ					Reference	Regular	MP	Ν.Δ.	Νέα Δημοκρατία	Opposition	ΜΗΤΣΟΤΑΚΗΣ, ΚΥΡΙΑΚΟΣ	M	-
ParlaMint-GR_2015-02-24-S1-commons.u78	Minutes of the assembly of the greek parliament, Term 16, session 1, sitting 8, 2015-02-24	2015-02-24	2015-02-24		ΙΣΤ					Reference	Chairperson	MP	ΣΥ.ΡΙΖ.Α.	Συνασπισμός Ριζοσπαστικής Αριστεράς - Προοδευτική Συμμαχία	Coalition	ΚΩΝΣΤΑΝΤΟΠΟΥΛΟΥ, ΖΩΗ	F	-
ParlaMint-GR_2015-02-24-S1-commons.u79	Minutes of the assembly of the greek parliament, Term 16, session 1, sitting 8, 2015-02-24	2015-02-24	2015-02-24		ΙΣΤ					Reference	Regular	MP	Ν.Δ.	Νέα Δημοκρατία	Opposition	ΜΗΤΣΟΤΑΚΗΣ, ΚΥΡΙΑΚΟΣ	M	-
ParlaMint-GR_2015-02-24-S1-commons.u80	Minutes of the assembly of the greek parliament, Term 16, session 1, sitting 8, 2015-02-24	2015-02-24	2015-02-24		ΙΣΤ					Reference	Chairperson	MP	ΣΥ.ΡΙΖ.Α.	Συνασπισμός Ριζοσπαστικής Αριστεράς - Προοδευτική Συμμαχία	Coalition	ΚΩΝΣΤΑΝΤΟΠΟΥΛΟΥ, ΖΩΗ	F	-
ParlaMint-GR_2015-02-24-S1-commons.u81	Minutes of the assembly of the greek parliament, Term 16, session 1, sitting 8, 2015-02-24	2015-02-24	2015-02-24		ΙΣΤ					Reference	Regular	MP	Ν.Δ.	Νέα Δημοκρατία	Opposition	ΜΗΤΣΟΤΑΚΗΣ, ΚΥΡΙΑΚΟΣ	M	-
ParlaMint-GR_2015-02-24-S1-commons.u82	Minutes of the assembly of the greek parliament, Term 16, session 1, sitting 8, 2015-02-24	2015-02-24	2015-02-24		ΙΣΤ					Reference	Chairperson	MP	ΣΥ.ΡΙΖ.Α.	Συνασπισμός Ριζοσπαστικής Αριστεράς - Προοδευτική Συμμαχία	Coalition	ΚΩΝΣΤΑΝΤΟΠΟΥΛΟΥ, ΖΩΗ	F	-
ParlaMint-GR_2015-02-24-S1-commons.u83	Minutes of the assembly of the greek parliament, Term 16, session 1, sitting 8, 2015-02-24	2015-02-24	2015-02-24		ΙΣΤ					Reference	Regular	MP	Ν.Δ.	Νέα Δημοκρατία	Opposition	ΣΚΡΕΚΑΣ, ΚΩΝΣΤΑΝΤΙΝΟΣ	M	-
ParlaMint-GR_2015-02-24-S1-commons.u84	Minutes of the assembly of the greek parliament, Term 16, session 1, sitting 8, 2015-02-24	2015-02-24	2015-02-24		ΙΣΤ					Reference	Chairperson	MP	ΣΥ.ΡΙΖ.Α.	Συνασπισμός Ριζοσπαστικής Αριστεράς - Προοδευτική Συμμαχία	Coalition	ΚΩΝΣΤΑΝΤΟΠΟΥΛΟΥ, ΖΩΗ	F	-
ParlaMint-GR_2015-02-24-S1-commons.u85	Minutes of the assembly of the greek parliament, Term 16, session 1, sitting 8, 2015-02-24	2015-02-24	2015-02-24		ΙΣΤ					Reference	Regular	MP	Τ.Π.	Το Ποτάμι	Opposition	ΘΕΟΧΑΡΗΣ, ΘΕΟΧΑΡΗΣ	M	-
ParlaMint-GR_2015-02-24-S1-commons.u86	Minutes of the assembly of the greek parliament, Term 16, session 1, sitting 8, 2015-02-24	2015-02-24	2015-02-24		ΙΣΤ					Reference	Chairperson	MP	ΣΥ.ΡΙΖ.Α.	Συνασπισμός Ριζοσπαστικής Αριστεράς - Προοδευτική Συμμαχία	Coalition	ΚΩΝΣΤΑΝΤΟΠΟΥΛΟΥ, ΖΩΗ	F	-
ParlaMint-GR_2015-02-24-S1-commons.u87	Minutes of the assembly of the greek parliament, Term 16, session 1, sitting 8, 2015-02-24	2015-02-24	2015-02-24		ΙΣΤ					Reference	Regular	MP	Ν.Δ.	Νέα Δημοκρατία	Opposition	ΜΗΤΣΟΤΑΚΗΣ, ΚΥΡΙΑΚΟΣ	M	-
ParlaMint-GR_2015-02-24-S1-commons.u88	Minutes of the assembly of the greek parliament, Term 16, session 1, sitting 8, 2015-02-24	2015-02-24	2015-02-24		ΙΣΤ					Reference	Regular	MP	K.K.E.	Κομμουνιστικό Κόμμα Ελλάδος	Opposition	ΠΑΦΙΛΗΣ, ΑΘΑΝΑΣΙΟΣ	M	-
ParlaMint-GR_2015-02-24-S1-commons.u89	Minutes of the assembly of the greek parliament, Term 16, session 1, sitting 8, 2015-02-24	2015-02-24	2015-02-24		ΙΣΤ					Reference	Chairperson	MP	ΣΥ.ΡΙΖ.Α.	Συνασπισμός Ριζοσπαστικής Αριστεράς - Προοδευτική Συμμαχία	Coalition	ΚΩΝΣΤΑΝΤΟΠΟΥΛΟΥ, ΖΩΗ	F	-
ParlaMint-GR_2015-02-24-S1-commons.u90	Minutes of the assembly of the greek parliament, Term 16, session 1, sitting 8, 2015-02-24	2015-02-24	2015-02-24		ΙΣΤ					Reference	Regular	MP	Ν.Δ.	Νέα Δημοκρατία	Opposition	ΜΗΤΣΟΤΑΚΗΣ, ΚΥΡΙΑΚΟΣ	M	-
ParlaMint-GR_2015-02-24-S1-commons.u91	Minutes of the assembly of the greek parliament, Term 16, session 1, sitting 8, 2015-02-24	2015-02-24	2015-02-24		ΙΣΤ					Reference	Regular	MP	ΣΥ.ΡΙΖ.Α.	Συνασπισμός Ριζοσπαστικής Αριστεράς - Προοδευτική Συμμαχία	Coalition	ΛΑΦΑΖΑΝΗΣ, ΠΑΝΑΓΙΩΤΗΣ	M	-
ParlaMint-GR_2015-02-24-S1-commons.u92	Minutes of the assembly of the greek parliament, Term 16, session 1, sitting 8, 2015-02-24	2015-02-24	2015-02-24		ΙΣΤ					Reference	Regular	MP	Ν.Δ.	Νέα Δημοκρατία	Opposition	ΜΗΤΣΟΤΑΚΗΣ, ΚΥΡΙΑΚΟΣ	M	-
ParlaMint-GR_2015-02-24-S1-commons.u93	Minutes of the assembly of the greek parliament, Term 16, session 1, sitting 8, 2015-02-24	2015-02-24	2015-02-24		ΙΣΤ					Reference	Chairperson	MP	ΣΥ.ΡΙΖ.Α.	Συνασπισμός Ριζοσπαστικής Αριστεράς - Προοδευτική Συμμαχία	Coalition	ΚΩΝΣΤΑΝΤΟΠΟΥΛΟΥ, ΖΩΗ	F	-
ParlaMint-GR_2015-02-24-S1-commons.u94	Minutes of the assembly of the greek parliament, Term 16, session 1, sitting 8, 2015-02-24	2015-02-24	2015-02-24		ΙΣΤ					Reference	Regular	MP	K.K.E.	Κομμουνιστικό Κόμμα Ελλάδος	Opposition	ΠΑΦΙΛΗΣ, ΑΘΑΝΑΣΙΟΣ	M	-
ParlaMint-GR_2015-02-24-S1-commons.u95	Minutes of the assembly of the greek parliament, Term 16, session 1, sitting 8, 2015-02-24	2015-02-24	2015-02-24		ΙΣΤ					Reference	Chairperson	MP	ΣΥ.ΡΙΖ.Α.	Συνασπισμός Ριζοσπαστικής Αριστεράς - Προοδευτική Συμμαχία	Coalition	ΚΩΝΣΤΑΝΤΟΠΟΥΛΟΥ, ΖΩΗ	F	-
ParlaMint-GR_2015-02-24-S1-commons.u96	Minutes of the assembly of the greek parliament, Term 16, session 1, sitting 8, 2015-02-24	2015-02-24	2015-02-24		ΙΣΤ					Reference	Regular	MP	Ν.Δ.	Νέα Δημοκρατία	Opposition	ΜΠΑΚΟΓΙΑΝΝΗ, ΘΕΟΔΩΡΑ	F	-
ParlaMint-GR_2015-02-24-S1-commons.u97	Minutes of the assembly of the greek parliament, Term 16, session 1, sitting 8, 2015-02-24	2015-02-24	2015-02-24		ΙΣΤ					Reference	Chairperson	MP	ΣΥ.ΡΙΖ.Α.	Συνασπισμός Ριζοσπαστικής Αριστεράς - Προοδευτική Συμμαχία	Coalition	ΚΩΝΣΤΑΝΤΟΠΟΥΛΟΥ, ΖΩΗ	F	-
ParlaMint-GR_2015-02-24-S1-commons.u98	Minutes of the assembly of the greek parliament, Term 16, session 1, sitting 8, 2015-02-24	2015-02-24	2015-02-24		ΙΣΤ					Reference	Regular	MP	Ν.Δ.	Νέα Δημοκρατία	Opposition	ΜΠΑΚΟΓΙΑΝΝΗ, ΘΕΟΔΩΡΑ	F	-
ParlaMint-GR_2015-02-24-S1-commons.u99	Minutes of the assembly of the greek parliament, Term 16, session 1, sitting 8, 2015-02-24	2015-02-24	2015-02-24		ΙΣΤ					Reference	Regular	MP	ΑΝ.ΕΛ.	ΑΝΕΞΑΡΤΗΤΟΙ ΕΛΛΗΝΕΣ ΕΘΝΙΚΗ ΠΑΤΡΙΩΤΙΚΗ ΔΗΜΟΚΡΑΤΙΚΗ ΣΥΜΑΧΙΑ	Coalition	ΝΙΚΟΛΟΠΟΥΛΟΣ, ΝΙΚΟΛΑΟΣ	M	-
ParlaMint-GR_2015-02-24-S1-commons.u100	Minutes of the assembly of the greek parliament, Term 16, session 1, sitting 8, 2015-02-24	2015-02-24	2015-02-24		ΙΣΤ					Reference	Regular	MP	Ν.Δ.	Νέα Δημοκρατία	Opposition	ΜΗΤΣΟΤΑΚΗΣ, ΚΥΡΙΑΚΟΣ	M	-
ParlaMint-GR_2015-02-24-S1-commons.u101	Minutes of the assembly of the greek parliament, Term 16, session 1, sitting 8, 2015-02-24	2015-02-24	2015-02-24		ΙΣΤ					Reference	Regular	MP	ΑΝ.ΕΛ.	ΑΝΕΞΑΡΤΗΤΟΙ ΕΛΛΗΝΕΣ ΕΘΝΙΚΗ ΠΑΤΡΙΩΤΙΚΗ ΔΗΜΟΚΡΑΤΙΚΗ ΣΥΜΑΧΙΑ	Coalition	ΝΙΚΟΛΟΠΟΥΛΟΣ, ΝΙΚΟΛΑΟΣ	M	-
ParlaMint-GR_2015-02-24-S1-commons.u102	Minutes of the assembly of the greek parliament, Term 16, session 1, sitting 8, 2015-02-24	2015-02-24	2015-02-24		ΙΣΤ					Reference	Chairperson	MP	ΣΥ.ΡΙΖ.Α.	Συνασπισμός Ριζοσπαστικής Αριστεράς - Προοδευτική Συμμαχία	Coalition	ΚΩΝΣΤΑΝΤΟΠΟΥΛΟΥ, ΖΩΗ	F	-
ParlaMint-GR_2015-02-24-S1-commons.u103	Minutes of the assembly of the greek parliament, Term 16, session 1, sitting 8, 2015-02-24	2015-02-24	2015-02-24		ΙΣΤ					Reference	Regular	MP	Χ.Α.	Λαϊκός Σύνδεσμος - Χρυσή Αυγή	Opposition	ΠΑΝΑΓΙΩΤΑΡΟΣ, ΗΛΙΑΣ	M	-
ParlaMint-GR_2015-02-24-S1-commons.u104	Minutes of the assembly of the greek parliament, Term 16, session 1, sitting 8, 2015-02-24	2015-02-24	2015-02-24		ΙΣΤ					Reference	Chairperson	MP	ΣΥ.ΡΙΖ.Α.	Συνασπισμός Ριζοσπαστικής Αριστεράς - Προοδευτική Συμμαχία	Coalition	ΚΩΝΣΤΑΝΤΟΠΟΥΛΟΥ, ΖΩΗ	F	-
ParlaMint-GR_2015-02-24-S1-commons.u105	Minutes of the assembly of the greek parliament, Term 16, session 1, sitting 8, 2015-02-24	2015-02-24	2015-02-24		ΙΣΤ					Reference	Regular	MP	Ν.Δ.	Νέα Δημοκρατία	Opposition	ΜΕΙΜΑΡΑΚΗΣ, ΕΥΑΓΓΕΛΟΣ ΒΑΣΙΛΕΙΟΣ	M	-
ParlaMint-GR_2015-02-24-S1-commons.u106	Minutes of the assembly of the greek parliament, Term 16, session 1, sitting 8, 2015-02-24	2015-02-24	2015-02-24		ΙΣΤ					Reference	Chairperson	MP	ΣΥ.ΡΙΖ.Α.	Συνασπισμός Ριζοσπαστικής Αριστεράς - Προοδευτική Συμμαχία	Coalition	ΚΩΝΣΤΑΝΤΟΠΟΥΛΟΥ, ΖΩΗ	F	-
ParlaMint-GR_2015-02-24-S1-commons.u107	Minutes of the assembly of the greek parliament, Term 16, session 1, sitting 8, 2015-02-24	2015-02-24	2015-02-24		ΙΣΤ					Reference	Regular	MP	Ν.Δ.	Νέα Δημοκρατία	Opposition	ΜΠΑΚΟΓΙΑΝΝΗ, ΘΕΟΔΩΡΑ	F	-
ParlaMint-GR_2015-02-24-S1-commons.u108	Minutes of the assembly of the greek parliament, Term 16, session 1, sitting 8, 2015-02-24	2015-02-24	2015-02-24		ΙΣΤ					Reference	Chairperson	MP	ΣΥ.ΡΙΖ.Α.	Συνασπισμός Ριζοσπαστικής Αριστεράς - Προοδευτική Συμμαχία	Coalition	ΚΩΝΣΤΑΝΤΟΠΟΥΛΟΥ, ΖΩΗ	F	-
ParlaMint-GR_2015-02-24-S1-commons.u109	Minutes of the assembly of the greek parliament, Term 16, session 1, sitting 8, 2015-02-24	2015-02-24	2015-02-24		ΙΣΤ					Reference	Regular	MP	Ν.Δ.	Νέα Δημοκρατία	Opposition	ΜΕΙΜΑΡΑΚΗΣ, ΕΥΑΓΓΕΛΟΣ ΒΑΣΙΛΕΙΟΣ	M	-
ParlaMint-GR_2015-02-24-S1-commons.u110	Minutes of the assembly of the greek parliament, Term 16, session 1, sitting 8, 2015-02-24	2015-02-24	2015-02-24		ΙΣΤ					Reference	Regular	MP	ΣΥ.ΡΙΖ.Α.	Συνασπισμός Ριζοσπαστικής Αριστεράς - Προοδευτική Συμμαχία	Coalition	ΛΑΦΑΖΑΝΗΣ, ΠΑΝΑΓΙΩΤΗΣ	M	-
ParlaMint-GR_2015-02-24-S1-commons.u111	Minutes of the assembly of the greek parliament, Term 16, session 1, sitting 8, 2015-02-24	2015-02-24	2015-02-24		ΙΣΤ					Reference	Regular	MP	Ν.Δ.	Νέα Δημοκρατία	Opposition	ΜΕΙΜΑΡΑΚΗΣ, ΕΥΑΓΓΕΛΟΣ ΒΑΣΙΛΕΙΟΣ	M	-
ParlaMint-GR_2015-02-24-S1-commons.u112	Minutes of the assembly of the greek parliament, Term 16, session 1, sitting 8, 2015-02-24	2015-02-24	2015-02-24		ΙΣΤ					Reference	Regular	MP	ΣΥ.ΡΙΖ.Α.	Συνασπισμός Ριζοσπαστικής Αριστεράς - Προοδευτική Συμμαχία	Coalition	ΛΑΦΑΖΑΝΗΣ, ΠΑΝΑΓΙΩΤΗΣ	M	-
ParlaMint-GR_2015-02-24-S1-commons.u113	Minutes of the assembly of the greek parliament, Term 16, session 1, sitting 8, 2015-02-24	2015-02-24	2015-02-24		ΙΣΤ					Reference	Regular	MP	Ν.Δ.	Νέα Δημοκρατία	Opposition	ΜΕΙΜΑΡΑΚΗΣ, ΕΥΑΓΓΕΛΟΣ ΒΑΣΙΛΕΙΟΣ	M	-
ParlaMint-GR_2015-02-24-S1-commons.u114	Minutes of the assembly of the greek parliament, Term 16, session 1, sitting 8, 2015-02-24	2015-02-24	2015-02-24		ΙΣΤ					Reference	Regular	MP	ΣΥ.ΡΙΖ.Α.	Συνασπισμός Ριζοσπαστικής Αριστεράς - Προοδευτική Συμμαχία	Coalition	ΛΑΦΑΖΑΝΗΣ, ΠΑΝΑΓΙΩΤΗΣ	M	-
ParlaMint-GR_2015-02-24-S1-commons.u115	Minutes of the assembly of the greek parliament, Term 16, session 1, sitting 8, 2015-02-24	2015-02-24	2015-02-24		ΙΣΤ					Reference	Regular	MP	Ν.Δ.	Νέα Δημοκρατία	Opposition	ΜΕΙΜΑΡΑΚΗΣ, ΕΥΑΓΓΕΛΟΣ ΒΑΣΙΛΕΙΟΣ	M	-
ParlaMint-GR_2015-02-24-S1-commons.u116	Minutes of the assembly of the greek parliament, Term 16, session 1, sitting 8, 2015-02-24	2015-02-24	2015-02-24		ΙΣΤ					Reference	Chairperson	MP	ΣΥ.ΡΙΖ.Α.	Συνασπισμός Ριζοσπαστικής Αριστεράς - Προοδευτική Συμμαχία	Coalition	ΚΩΝΣΤΑΝΤΟΠΟΥΛΟΥ, ΖΩΗ	F	-
ParlaMint-GR_2015-02-24-S1-commons.u117	Minutes of the assembly of the greek parliament, Term 16, session 1, sitting 8, 2015-02-24	2015-02-24	2015-02-24		ΙΣΤ					Reference	Regular	MP	Ν.Δ.	Νέα Δημοκρατία	Opposition	ΜΕΙΜΑΡΑΚΗΣ, ΕΥΑΓΓΕΛΟΣ ΒΑΣΙΛΕΙΟΣ	M	-
ParlaMint-GR_2015-02-24-S1-commons.u118	Minutes of the assembly of the greek parliament, Term 16, session 1, sitting 8, 2015-02-24	2015-02-24	2015-02-24		ΙΣΤ					Reference	Chairperson	MP	ΣΥ.ΡΙΖ.Α.	Συνασπισμός Ριζοσπαστικής Αριστεράς - Προοδευτική Συμμαχία	Coalition	ΚΩΝΣΤΑΝΤΟΠΟΥΛΟΥ, ΖΩΗ	F	-
ParlaMint-GR_2015-02-24-S1-commons.u119	Minutes of the assembly of the greek parliament, Term 16, session 1, sitting 8, 2015-02-24	2015-02-24	2015-02-24		ΙΣΤ					Reference	Regular	MP	Ν.Δ.	Νέα Δημοκρατία	Opposition	ΜΕΙΜΑΡΑΚΗΣ, ΕΥΑΓΓΕΛΟΣ ΒΑΣΙΛΕΙΟΣ	M	-
ParlaMint-GR_2015-02-24-S1-commons.u120	Minutes of the assembly of the greek parliament, Term 16, session 1, sitting 8, 2015-02-24	2015-02-24	2015-02-24		ΙΣΤ					Reference	Chairperson	MP	ΣΥ.ΡΙΖ.Α.	Συνασπισμός Ριζοσπαστικής Αριστεράς - Προοδευτική Συμμαχία	Coalition	ΚΩΝΣΤΑΝΤΟΠΟΥΛΟΥ, ΖΩΗ	F	-
ParlaMint-GR_2015-02-24-S1-commons.u121	Minutes of the assembly of the greek parliament, Term 16, session 1, sitting 8, 2015-02-24	2015-02-24	2015-02-24		ΙΣΤ					Reference	Regular	MP	Ν.Δ.	Νέα Δημοκρατία	Opposition	ΜΕΙΜΑΡΑΚΗΣ, ΕΥΑΓΓΕΛΟΣ ΒΑΣΙΛΕΙΟΣ	M	-
ParlaMint-GR_2015-02-24-S1-commons.u122	Minutes of the assembly of the greek parliament, Term 16, session 1, sitting 8, 2015-02-24	2015-02-24	2015-02-24		ΙΣΤ					Reference	Chairperson	MP	ΣΥ.ΡΙΖ.Α.	Συνασπισμός Ριζοσπαστικής Αριστεράς - Προοδευτική Συμμαχία	Coalition	ΚΩΝΣΤΑΝΤΟΠΟΥΛΟΥ, ΖΩΗ	F	-
ParlaMint-GR_2015-02-24-S1-commons.u123	Minutes of the assembly of the greek parliament, Term 16, session 1, sitting 8, 2015-02-24	2015-02-24	2015-02-24		ΙΣΤ					Reference	Regular	MP	Ν.Δ.	Νέα Δημοκρατία	Opposition	ΜΕΙΜΑΡΑΚΗΣ, ΕΥΑΓΓΕΛΟΣ ΒΑΣΙΛΕΙΟΣ	M	-
ParlaMint-GR_2015-02-24-S1-commons.u124	Minutes of the assembly of the greek parliament, Term 16, session 1, sitting 8, 2015-02-24	2015-02-24	2015-02-24		ΙΣΤ					Reference	Chairperson	MP	ΣΥ.ΡΙΖ.Α.	Συνασπισμός Ριζοσπαστικής Αριστεράς - Προοδευτική Συμμαχία	Coalition	ΚΩΝΣΤΑΝΤΟΠΟΥΛΟΥ, ΖΩΗ	F	-
ParlaMint-GR_2015-02-24-S1-commons.u125	Minutes of the assembly of the greek parliament, Term 16, session 1, sitting 8, 2015-02-24	2015-02-24	2015-02-24		ΙΣΤ					Reference	Regular	MP	Ν.Δ.	Νέα Δημοκρατία	Opposition	ΜΕΙΜΑΡΑΚΗΣ, ΕΥΑΓΓΕΛΟΣ ΒΑΣΙΛΕΙΟΣ	M	-
ParlaMint-GR_2015-02-24-S1-commons.u126	Minutes of the assembly of the greek parliament, Term 16, session 1, sitting 8, 2015-02-24	2015-02-24	2015-02-24		ΙΣΤ					Reference	Chairperson	MP	ΣΥ.ΡΙΖ.Α.	Συνασπισμός Ριζοσπαστικής Αριστεράς - Προοδευτική Συμμαχία	Coalition	ΚΩΝΣΤΑΝΤΟΠΟΥΛΟΥ, ΖΩΗ	F	-
ParlaMint-GR_2015-02-24-S1-commons.u127	Minutes of the assembly of the greek parliament, Term 16, session 1, sitting 8, 2015-02-24	2015-02-24	2015-02-24		ΙΣΤ					Reference	Regular	MP	Ν.Δ.	Νέα Δημοκρατία	Opposition	ΜΕΙΜΑΡΑΚΗΣ, ΕΥΑΓΓΕΛΟΣ ΒΑΣΙΛΕΙΟΣ	M	-
ParlaMint-GR_2015-02-24-S1-commons.u128	Minutes of the assembly of the greek parliament, Term 16, session 1, sitting 8, 2015-02-24	2015-02-24	2015-02-24		ΙΣΤ					Reference	Chairperson	MP	ΣΥ.ΡΙΖ.Α.	Συνασπισμός Ριζοσπαστικής Αριστεράς - Προοδευτική Συμμαχία	Coalition	ΚΩΝΣΤΑΝΤΟΠΟΥΛΟΥ, ΖΩΗ	F	-
ParlaMint-GR_2015-02-24-S1-commons.u129	Minutes of the assembly of the greek parliament, Term 16, session 1, sitting 8, 2015-02-24	2015-02-24	2015-02-24		ΙΣΤ					Reference	Regular	MP	Ν.Δ.	Νέα Δημοκρατία	Opposition	ΜΕΙΜΑΡΑΚΗΣ, ΕΥΑΓΓΕΛΟΣ ΒΑΣΙΛΕΙΟΣ	M	-
ParlaMint-GR_2015-02-24-S1-commons.u130	Minutes of the assembly of the greek parliament, Term 16, session 1, sitting 8, 2015-02-24	2015-02-24	2015-02-24		ΙΣΤ					Reference	Chairperson	MP	ΣΥ.ΡΙΖ.Α.	Συνασπισμός Ριζοσπαστικής Αριστεράς - Προοδευτική Συμμαχία	Coalition	ΚΩΝΣΤΑΝΤΟΠΟΥΛΟΥ, ΖΩΗ	F	-
ParlaMint-GR_2015-02-24-S1-commons.u131	Minutes of the assembly of the greek parliament, Term 16, session 1, sitting 8, 2015-02-24	2015-02-24	2015-02-24		ΙΣΤ					Reference	Regular	MP	Ν.Δ.	Νέα Δημοκρατία	Opposition	ΜΗΤΣΟΤΑΚΗΣ, ΚΥΡΙΑΚΟΣ	M	-
ParlaMint-GR_2015-02-24-S1-commons.u132	Minutes of the assembly of the greek parliament, Term 16, session 1, sitting 8, 2015-02-24	2015-02-24	2015-02-24		ΙΣΤ					Reference	Chairperson	MP	ΣΥ.ΡΙΖ.Α.	Συνασπισμός Ριζοσπαστικής Αριστεράς - Προοδευτική Συμμαχία	Coalition	ΚΩΝΣΤΑΝΤΟΠΟΥΛΟΥ, ΖΩΗ	F	-
ParlaMint-GR_2015-02-24-S1-commons.u133	Minutes of the assembly of the greek parliament, Term 16, session 1, sitting 8, 2015-02-24	2015-02-24	2015-02-24		ΙΣΤ					Reference	Regular	MP	Ν.Δ.	Νέα Δημοκρατία	Opposition	ΜΗΤΣΟΤΑΚΗΣ, ΚΥΡΙΑΚΟΣ	M	-
ParlaMint-GR_2015-02-24-S1-commons.u134	Minutes of the assembly of the greek parliament, Term 16, session 1, sitting 8, 2015-02-24	2015-02-24	2015-02-24		ΙΣΤ					Reference	Chairperson	MP	ΣΥ.ΡΙΖ.Α.	Συνασπισμός Ριζοσπαστικής Αριστεράς - Προοδευτική Συμμαχία	Coalition	ΚΩΝΣΤΑΝΤΟΠΟΥΛΟΥ, ΖΩΗ	F	-
ParlaMint-GR_2015-02-24-S1-commons.u135	Minutes of the assembly of the greek parliament, Term 16, session 1, sitting 8, 2015-02-24	2015-02-24	2015-02-24		ΙΣΤ					Reference	Regular	MP	Ν.Δ.	Νέα Δημοκρατία	Opposition	ΜΗΤΣΟΤΑΚΗΣ, ΚΥΡΙΑΚΟΣ	M	-
ParlaMint-GR_2015-02-24-S1-commons.u136	Minutes of the assembly of the greek parliament, Term 16, session 1, sitting 8, 2015-02-24	2015-02-24	2015-02-24		ΙΣΤ					Reference	Chairperson	MP	ΣΥ.ΡΙΖ.Α.	Συνασπισμός Ριζοσπαστικής Αριστεράς - Προοδευτική Συμμαχία	Coalition	ΚΩΝΣΤΑΝΤΟΠΟΥΛΟΥ, ΖΩΗ	F	-
ParlaMint-GR_2015-02-24-S1-commons.u137	Minutes of the assembly of the greek parliament, Term 16, session 1, sitting 8, 2015-02-24	2015-02-24	2015-02-24		ΙΣΤ					Reference	Regular	MP	Ν.Δ.	Νέα Δημοκρατία	Opposition	ΜΗΤΣΟΤΑΚΗΣ, ΚΥΡΙΑΚΟΣ	M	-
ParlaMint-GR_2015-02-24-S1-commons.u138	Minutes of the assembly of the greek parliament, Term 16, session 1, sitting 8, 2015-02-24	2015-02-24	2015-02-24		ΙΣΤ					Reference	Chairperson	MP	ΣΥ.ΡΙΖ.Α.	Συνασπισμός Ριζοσπαστικής Αριστεράς - Προοδευτική Συμμαχία	Coalition	ΚΩΝΣΤΑΝΤΟΠΟΥΛΟΥ, ΖΩΗ	F	-
ParlaMint-GR_2015-02-24-S1-commons.u139	Minutes of the assembly of the greek parliament, Term 16, session 1, sitting 8, 2015-02-24	2015-02-24	2015-02-24		ΙΣΤ					Reference	Regular	MP	Ν.Δ.	Νέα Δημοκρατία	Opposition	ΜΗΤΣΟΤΑΚΗΣ, ΚΥΡΙΑΚΟΣ	M	-
ParlaMint-GR_2015-02-24-S1-commons.u140	Minutes of the assembly of the greek parliament, Term 16, session 1, sitting 8, 2015-02-24	2015-02-24	2015-02-24		ΙΣΤ					Reference	Chairperson	MP	ΣΥ.ΡΙΖ.Α.	Συνασπισμός Ριζοσπαστικής Αριστεράς - Προοδευτική Συμμαχία	Coalition	ΚΩΝΣΤΑΝΤΟΠΟΥΛΟΥ, ΖΩΗ	F	-
ParlaMint-GR_2015-02-24-S1-commons.u141	Minutes of the assembly of the greek parliament, Term 16, session 1, sitting 8, 2015-02-24	2015-02-24	2015-02-24		ΙΣΤ					Reference	Regular	MP	Ν.Δ.	Νέα Δημοκρατία	Opposition	ΜΗΤΣΟΤΑΚΗΣ, ΚΥΡΙΑΚΟΣ	M	-
ParlaMint-GR_2015-02-24-S1-commons.u142	Minutes of the assembly of the greek parliament, Term 16, session 1, sitting 8, 2015-02-24	2015-02-24	2015-02-24		ΙΣΤ					Reference	Regular	MP	ΣΥ.ΡΙΖ.Α.	Συνασπισμός Ριζοσπαστικής Αριστεράς - Προοδευτική Συμμαχία	Coalition	ΛΑΦΑΖΑΝΗΣ, ΠΑΝΑΓΙΩΤΗΣ	M	-
ParlaMint-GR_2015-02-24-S1-commons.u143	Minutes of the assembly of the greek parliament, Term 16, session 1, sitting 8, 2015-02-24	2015-02-24	2015-02-24		ΙΣΤ					Reference	Regular	MP	Ν.Δ.	Νέα Δημοκρατία	Opposition	ΜΗΤΣΟΤΑΚΗΣ, ΚΥΡΙΑΚΟΣ	M	-
ParlaMint-GR_2015-02-24-S1-commons.u144	Minutes of the assembly of the greek parliament, Term 16, session 1, sitting 8, 2015-02-24	2015-02-24	2015-02-24		ΙΣΤ					Reference	Regular	MP	ΣΥ.ΡΙΖ.Α.	Συνασπισμός Ριζοσπαστικής Αριστεράς - Προοδευτική Συμμαχία	Coalition	ΛΑΦΑΖΑΝΗΣ, ΠΑΝΑΓΙΩΤΗΣ	M	-
ParlaMint-GR_2015-02-24-S1-commons.u145	Minutes of the assembly of the greek parliament, Term 16, session 1, sitting 8, 2015-02-24	2015-02-24	2015-02-24		ΙΣΤ					Reference	Regular	MP	Ν.Δ.	Νέα Δημοκρατία	Opposition	ΜΗΤΣΟΤΑΚΗΣ, ΚΥΡΙΑΚΟΣ	M	-
ParlaMint-GR_2015-02-24-S1-commons.u146	Minutes of the assembly of the greek parliament, Term 16, session 1, sitting 8, 2015-02-24	2015-02-24	2015-02-24		ΙΣΤ					Reference	Chairperson	MP	ΣΥ.ΡΙΖ.Α.	Συνασπισμός Ριζοσπαστικής Αριστεράς - Προοδευτική Συμμαχία	Coalition	ΚΩΝΣΤΑΝΤΟΠΟΥΛΟΥ, ΖΩΗ	F	-
ParlaMint-GR_2015-02-24-S1-commons.u147	Minutes of the assembly of the greek parliament, Term 16, session 1, sitting 8, 2015-02-24	2015-02-24	2015-02-24		ΙΣΤ					Reference	Regular	MP	Ν.Δ.	Νέα Δημοκρατία	Opposition	ΜΗΤΣΟΤΑΚΗΣ, ΚΥΡΙΑΚΟΣ	M	-
ParlaMint-GR_2015-02-24-S1-commons.u148	Minutes of the assembly of the greek parliament, Term 16, session 1, sitting 8, 2015-02-24	2015-02-24	2015-02-24		ΙΣΤ					Reference	Chairperson	MP	ΣΥ.ΡΙΖ.Α.	Συνασπισμός Ριζοσπαστικής Αριστεράς - Προοδευτική Συμμαχία	Coalition	ΚΩΝΣΤΑΝΤΟΠΟΥΛΟΥ, ΖΩΗ	F	-
ParlaMint-GR_2015-02-24-S1-commons.u149	Minutes of the assembly of the greek parliament, Term 16, session 1, sitting 8, 2015-02-24	2015-02-24	2015-02-24		ΙΣΤ					Reference	Regular	MP	Ν.Δ.	Νέα Δημοκρατία	Opposition	ΜΗΤΣΟΤΑΚΗΣ, ΚΥΡΙΑΚΟΣ	M	-
ParlaMint-GR_2015-02-24-S1-commons.u150	Minutes of the assembly of the greek parliament, Term 16, session 1, sitting 8, 2015-02-24	2015-02-24	2015-02-24		ΙΣΤ					Reference	Chairperson	MP	ΣΥ.ΡΙΖ.Α.	Συνασπισμός Ριζοσπαστικής Αριστεράς - Προοδευτική Συμμαχία	Coalition	ΚΩΝΣΤΑΝΤΟΠΟΥΛΟΥ, ΖΩΗ	F	-
ParlaMint-GR_2015-02-24-S1-commons.u151	Minutes of the assembly of the greek parliament, Term 16, session 1, sitting 8, 2015-02-24	2015-02-24	2015-02-24		ΙΣΤ					Reference	Regular	MP	Ν.Δ.	Νέα Δημοκρατία	Opposition	ΜΗΤΣΟΤΑΚΗΣ, ΚΥΡΙΑΚΟΣ	M	-
ParlaMint-GR_2015-02-24-S1-commons.u152	Minutes of the assembly of the greek parliament, Term 16, session 1, sitting 8, 2015-02-24	2015-02-24	2015-02-24		ΙΣΤ					Reference	Chairperson	MP	ΣΥ.ΡΙΖ.Α.	Συνασπισμός Ριζοσπαστικής Αριστεράς - Προοδευτική Συμμαχία	Coalition	ΚΩΝΣΤΑΝΤΟΠΟΥΛΟΥ, ΖΩΗ	F	-
ParlaMint-GR_2015-02-24-S1-commons.u153	Minutes of the assembly of the greek parliament, Term 16, session 1, sitting 8, 2015-02-24	2015-02-24	2015-02-24		ΙΣΤ					Reference	Regular	MP	Ν.Δ.	Νέα Δημοκρατία	Opposition	ΜΠΑΚΟΓΙΑΝΝΗ, ΘΕΟΔΩΡΑ	F	-
ParlaMint-GR_2015-02-24-S1-commons.u154	Minutes of the assembly of the greek parliament, Term 16, session 1, sitting 8, 2015-02-24	2015-02-24	2015-02-24		ΙΣΤ					Reference	Chairperson	MP	ΣΥ.ΡΙΖ.Α.	Συνασπισμός Ριζοσπαστικής Αριστεράς - Προοδευτική Συμμαχία	Coalition	ΚΩΝΣΤΑΝΤΟΠΟΥΛΟΥ, ΖΩΗ	F	-
ParlaMint-GR_2015-02-24-S1-commons.u155	Minutes of the assembly of the greek parliament, Term 16, session 1, sitting 8, 2015-02-24	2015-02-24	2015-02-24		ΙΣΤ					Reference	Regular	MP	Ν.Δ.	Νέα Δημοκρατία	Opposition	ΜΗΤΣΟΤΑΚΗΣ, ΚΥΡΙΑΚΟΣ	M	-
ParlaMint-GR_2015-02-24-S1-commons.u156	Minutes of the assembly of the greek parliament, Term 16, session 1, sitting 8, 2015-02-24	2015-02-24	2015-02-24		ΙΣΤ					Reference	Chairperson	MP	ΣΥ.ΡΙΖ.Α.	Συνασπισμός Ριζοσπαστικής Αριστεράς - Προοδευτική Συμμαχία	Coalition	ΚΩΝΣΤΑΝΤΟΠΟΥΛΟΥ, ΖΩΗ	F	-
ParlaMint-GR_2015-02-24-S1-commons.u157	Minutes of the assembly of the greek parliament, Term 16, session 1, sitting 8, 2015-02-24	2015-02-24	2015-02-24		ΙΣΤ					Reference	Regular	MP	Ν.Δ.	Νέα Δημοκρατία	Opposition	ΜΗΤΣΟΤΑΚΗΣ, ΚΥΡΙΑΚΟΣ	M	-
ParlaMint-GR_2015-02-24-S1-commons.u158	Minutes of the assembly of the greek parliament, Term 16, session 1, sitting 8, 2015-02-24	2015-02-24	2015-02-24		ΙΣΤ					Reference	Regular	MP	Ν.Δ.	Νέα Δημοκρατία	Opposition	ΑΘΑΝΑΣΙΟΥ, ΧΑΡΑΛΑΜΠΟΣ	M	-
ParlaMint-GR_2015-02-24-S1-commons.u159	Minutes of the assembly of the greek parliament, Term 16, session 1, sitting 8, 2015-02-24	2015-02-24	2015-02-24		ΙΣΤ					Reference	Regular	MP	Ν.Δ.	Νέα Δημοκρατία	Opposition	ΜΗΤΣΟΤΑΚΗΣ, ΚΥΡΙΑΚΟΣ	M	-
ParlaMint-GR_2015-02-24-S1-commons.u160	Minutes of the assembly of the greek parliament, Term 16, session 1, sitting 8, 2015-02-24	2015-02-24	2015-02-24		ΙΣΤ					Reference	Regular	MP	Ν.Δ.	Νέα Δημοκρατία	Opposition	ΑΘΑΝΑΣΙΟΥ, ΧΑΡΑΛΑΜΠΟΣ	M	-
ParlaMint-GR_2015-02-24-S1-commons.u161	Minutes of the assembly of the greek parliament, Term 16, session 1, sitting 8, 2015-02-24	2015-02-24	2015-02-24		ΙΣΤ					Reference	Chairperson	MP	ΣΥ.ΡΙΖ.Α.	Συνασπισμός Ριζοσπαστικής Αριστεράς - Προοδευτική Συμμαχία	Coalition	ΚΩΝΣΤΑΝΤΟΠΟΥΛΟΥ, ΖΩΗ	F	-
ParlaMint-GR_2015-02-24-S1-commons.u162	Minutes of the assembly of the greek parliament, Term 16, session 1, sitting 8, 2015-02-24	2015-02-24	2015-02-24		ΙΣΤ					Reference	Regular	MP	Ν.Δ.	Νέα Δημοκρατία	Opposition	ΜΗΤΣΟΤΑΚΗΣ, ΚΥΡΙΑΚΟΣ	M	-
ParlaMint-GR_2015-02-24-S1-commons.u163	Minutes of the assembly of the greek parliament, Term 16, session 1, sitting 8, 2015-02-24	2015-02-24	2015-02-24		ΙΣΤ					Reference	Chairperson	MP	ΣΥ.ΡΙΖ.Α.	Συνασπισμός Ριζοσπαστικής Αριστεράς - Προοδευτική Συμμαχία	Coalition	ΚΩΝΣΤΑΝΤΟΠΟΥΛΟΥ, ΖΩΗ	F	-
ParlaMint-GR_2015-02-24-S1-commons.u164	Minutes of the assembly of the greek parliament, Term 16, session 1, sitting 8, 2015-02-24	2015-02-24	2015-02-24		ΙΣΤ					Reference	Regular	MP	Ν.Δ.	Νέα Δημοκρατία	Opposition	ΜΗΤΣΟΤΑΚΗΣ, ΚΥΡΙΑΚΟΣ	M	-
ParlaMint-GR_2015-02-24-S1-commons.u165	Minutes of the assembly of the greek parliament, Term 16, session 1, sitting 8, 2015-02-24	2015-02-24	2015-02-24		ΙΣΤ					Reference	Chairperson	MP	ΣΥ.ΡΙΖ.Α.	Συνασπισμός Ριζοσπαστικής Αριστεράς - Προοδευτική Συμμαχία	Coalition	ΚΩΝΣΤΑΝΤΟΠΟΥΛΟΥ, ΖΩΗ	F	-
ParlaMint-GR_2015-02-24-S1-commons.u166	Minutes of the assembly of the greek parliament, Term 16, session 1, sitting 8, 2015-02-24	2015-02-24	2015-02-24		ΙΣΤ					Reference	Regular	MP	Ν.Δ.	Νέα Δημοκρατία	Opposition	ΜΗΤΣΟΤΑΚΗΣ, ΚΥΡΙΑΚΟΣ	M	-
ParlaMint-GR_2015-02-24-S1-commons.u167	Minutes of the assembly of the greek parliament, Term 16, session 1, sitting 8, 2015-02-24	2015-02-24	2015-02-24		ΙΣΤ					Reference	Regular	MP	Ν.Δ.	Νέα Δημοκρατία	Opposition	ΜΠΑΚΟΓΙΑΝΝΗ, ΘΕΟΔΩΡΑ	F	-
ParlaMint-GR_2015-02-24-S1-commons.u168	Minutes of the assembly of the greek parliament, Term 16, session 1, sitting 8, 2015-02-24	2015-02-24	2015-02-24		ΙΣΤ					Reference	Chairperson	MP	ΣΥ.ΡΙΖ.Α.	Συνασπισμός Ριζοσπαστικής Αριστεράς - Προοδευτική Συμμαχία	Coalition	ΚΩΝΣΤΑΝΤΟΠΟΥΛΟΥ, ΖΩΗ	F	-
ParlaMint-GR_2015-02-24-S1-commons.u169	Minutes of the assembly of the greek parliament, Term 16, session 1, sitting 8, 2015-02-24	2015-02-24	2015-02-24		ΙΣΤ					Reference	Regular	MP	Ν.Δ.	Νέα Δημοκρατία	Opposition	ΜΗΤΣΟΤΑΚΗΣ, ΚΥΡΙΑΚΟΣ	M	-
ParlaMint-GR_2015-02-24-S1-commons.u170	Minutes of the assembly of the greek parliament, Term 16, session 1, sitting 8, 2015-02-24	2015-02-24	2015-02-24		ΙΣΤ					Reference	Chairperson	MP	ΣΥ.ΡΙΖ.Α.	Συνασπισμός Ριζοσπαστικής Αριστεράς - Προοδευτική Συμμαχία	Coalition	ΚΩΝΣΤΑΝΤΟΠΟΥΛΟΥ, ΖΩΗ	F	-
ParlaMint-GR_2015-02-24-S1-commons.u171	Minutes of the assembly of the greek parliament, Term 16, session 1, sitting 8, 2015-02-24	2015-02-24	2015-02-24		ΙΣΤ					Reference	Regular	MP	Ν.Δ.	Νέα Δημοκρατία	Opposition	ΜΠΑΚΟΓΙΑΝΝΗ, ΘΕΟΔΩΡΑ	F	-
ParlaMint-GR_2015-02-24-S1-commons.u172	Minutes of the assembly of the greek parliament, Term 16, session 1, sitting 8, 2015-02-24	2015-02-24	2015-02-24		ΙΣΤ					Reference	Regular	MP	Ν.Δ.	Νέα Δημοκρατία	Opposition	ΜΗΤΣΟΤΑΚΗΣ, ΚΥΡΙΑΚΟΣ	M	-
ParlaMint-GR_2015-02-24-S1-commons.u173	Minutes of the assembly of the greek parliament, Term 16, session 1, sitting 8, 2015-02-24	2015-02-24	2015-02-24		ΙΣΤ					Reference	Chairperson	MP	ΣΥ.ΡΙΖ.Α.	Συνασπισμός Ριζοσπαστικής Αριστεράς - Προοδευτική Συμμαχία	Coalition	ΚΩΝΣΤΑΝΤΟΠΟΥΛΟΥ, ΖΩΗ	F	-
ParlaMint-GR_2015-02-24-S1-commons.u174	Minutes of the assembly of the greek parliament, Term 16, session 1, sitting 8, 2015-02-24	2015-02-24	2015-02-24		ΙΣΤ					Reference	Regular	MP	Ν.Δ.	Νέα Δημοκρατία	Opposition	ΜΗΤΣΟΤΑΚΗΣ, ΚΥΡΙΑΚΟΣ	M	-
ParlaMint-GR_2015-02-24-S1-commons.u175	Minutes of the assembly of the greek parliament, Term 16, session 1, sitting 8, 2015-02-24	2015-02-24	2015-02-24		ΙΣΤ					Reference	Chairperson	MP	ΣΥ.ΡΙΖ.Α.	Συνασπισμός Ριζοσπαστικής Αριστεράς - Προοδευτική Συμμαχία	Coalition	ΚΩΝΣΤΑΝΤΟΠΟΥΛΟΥ, ΖΩΗ	F	-
ParlaMint-GR_2015-02-24-S1-commons.u176	Minutes of the assembly of the greek parliament, Term 16, session 1, sitting 8, 2015-02-24	2015-02-24	2015-02-24		ΙΣΤ					Reference	Regular	MP	Ν.Δ.	Νέα Δημοκρατία	Opposition	ΜΗΤΣΟΤΑΚΗΣ, ΚΥΡΙΑΚΟΣ	M	-
ParlaMint-GR_2015-02-24-S1-commons.u177	Minutes of the assembly of the greek parliament, Term 16, session 1, sitting 8, 2015-02-24	2015-02-24	2015-02-24		ΙΣΤ					Reference	Chairperson	MP	ΣΥ.ΡΙΖ.Α.	Συνασπισμός Ριζοσπαστικής Αριστεράς - Προοδευτική Συμμαχία	Coalition	ΚΩΝΣΤΑΝΤΟΠΟΥΛΟΥ, ΖΩΗ	F	-
ParlaMint-GR_2015-02-24-S1-commons.u178	Minutes of the assembly of the greek parliament, Term 16, session 1, sitting 8, 2015-02-24	2015-02-24	2015-02-24		ΙΣΤ					Reference	Regular	MP	Ν.Δ.	Νέα Δημοκρατία	Opposition	ΜΗΤΣΟΤΑΚΗΣ, ΚΥΡΙΑΚΟΣ	M	-
ParlaMint-GR_2015-02-24-S1-commons.u179	Minutes of the assembly of the greek parliament, Term 16, session 1, sitting 8, 2015-02-24	2015-02-24	2015-02-24		ΙΣΤ					Reference	Chairperson	MP	ΣΥ.ΡΙΖ.Α.	Συνασπισμός Ριζοσπαστικής Αριστεράς - Προοδευτική Συμμαχία	Coalition	ΚΩΝΣΤΑΝΤΟΠΟΥΛΟΥ, ΖΩΗ	F	-
ParlaMint-GR_2015-02-24-S1-commons.u180	Minutes of the assembly of the greek parliament, Term 16, session 1, sitting 8, 2015-02-24	2015-02-24	2015-02-24		ΙΣΤ					Reference	Regular	MP	Ν.Δ.	Νέα Δημοκρατία	Opposition	ΜΗΤΣΟΤΑΚΗΣ, ΚΥΡΙΑΚΟΣ	M	-
ParlaMint-GR_2015-02-24-S1-commons.u181	Minutes of the assembly of the greek parliament, Term 16, session 1, sitting 8, 2015-02-24	2015-02-24	2015-02-24		ΙΣΤ					Reference	Chairperson	MP	ΣΥ.ΡΙΖ.Α.	Συνασπισμός Ριζοσπαστικής Αριστεράς - Προοδευτική Συμμαχία	Coalition	ΚΩΝΣΤΑΝΤΟΠΟΥΛΟΥ, ΖΩΗ	F	-
ParlaMint-GR_2015-02-24-S1-commons.u182	Minutes of the assembly of the greek parliament, Term 16, session 1, sitting 8, 2015-02-24	2015-02-24	2015-02-24		ΙΣΤ					Reference	Regular	MP	Ν.Δ.	Νέα Δημοκρατία	Opposition	ΜΗΤΣΟΤΑΚΗΣ, ΚΥΡΙΑΚΟΣ	M	-
ParlaMint-GR_2015-02-24-S1-commons.u183	Minutes of the assembly of the greek parliament, Term 16, session 1, sitting 8, 2015-02-24	2015-02-24	2015-02-24		ΙΣΤ					Reference	Chairperson	MP	ΣΥ.ΡΙΖ.Α.	Συνασπισμός Ριζοσπαστικής Αριστεράς - Προοδευτική Συμμαχία	Coalition	ΚΩΝΣΤΑΝΤΟΠΟΥΛΟΥ, ΖΩΗ	F	-
ParlaMint-GR_2015-02-24-S1-commons.u184	Minutes of the assembly of the greek parliament, Term 16, session 1, sitting 8, 2015-02-24	2015-02-24	2015-02-24		ΙΣΤ					Reference	Regular	MP	Ν.Δ.	Νέα Δημοκρατία	Opposition	ΜΗΤΣΟΤΑΚΗΣ, ΚΥΡΙΑΚΟΣ	M	-
ParlaMint-GR_2015-02-24-S1-commons.u185	Minutes of the assembly of the greek parliament, Term 16, session 1, sitting 8, 2015-02-24	2015-02-24	2015-02-24		ΙΣΤ					Reference	Chairperson	MP	ΣΥ.ΡΙΖ.Α.	Συνασπισμός Ριζοσπαστικής Αριστεράς - Προοδευτική Συμμαχία	Coalition	ΚΩΝΣΤΑΝΤΟΠΟΥΛΟΥ, ΖΩΗ	F	-
ParlaMint-GR_2015-02-24-S1-commons.u186	Minutes of the assembly of the greek parliament, Term 16, session 1, sitting 8, 2015-02-24	2015-02-24	2015-02-24		ΙΣΤ					Reference	Regular	MP	Ν.Δ.	Νέα Δημοκρατία	Opposition	ΜΗΤΣΟΤΑΚΗΣ, ΚΥΡΙΑΚΟΣ	M	-
ParlaMint-GR_2015-02-24-S1-commons.u187	Minutes of the assembly of the greek parliament, Term 16, session 1, sitting 8, 2015-02-24	2015-02-24	2015-02-24		ΙΣΤ					Reference	Chairperson	MP	ΣΥ.ΡΙΖ.Α.	Συνασπισμός Ριζοσπαστικής Αριστεράς - Προοδευτική Συμμαχία	Coalition	ΚΩΝΣΤΑΝΤΟΠΟΥΛΟΥ, ΖΩΗ	F	-
ParlaMint-GR_2015-02-24-S1-commons.u188	Minutes of the assembly of the greek parliament, Term 16, session 1, sitting 8, 2015-02-24	2015-02-24	2015-02-24		ΙΣΤ					Reference	Regular	MP	ΠΑ.ΣΟ.Κ.	Πανελλήνιο Σοσιαλιστικό Κίνημα	Opposition	ΚΟΥΤΣΟΥΚΟΣ, ΓΙΑΝΝΗΣ	M	-
ParlaMint-GR_2015-02-24-S1-commons.u189	Minutes of the assembly of the greek parliament, Term 16, session 1, sitting 8, 2015-02-24	2015-02-24	2015-02-24		ΙΣΤ					Reference	Regular	MP	Ν.Δ.	Νέα Δημοκρατία	Opposition	ΜΗΤΣΟΤΑΚΗΣ, ΚΥΡΙΑΚΟΣ	M	-
ParlaMint-GR_2015-02-24-S1-commons.u190	Minutes of the assembly of the greek parliament, Term 16, session 1, sitting 8, 2015-02-24	2015-02-24	2015-02-24		ΙΣΤ					Reference	Chairperson	MP	ΣΥ.ΡΙΖ.Α.	Συνασπισμός Ριζοσπαστικής Αριστεράς - Προοδευτική Συμμαχία	Coalition	ΚΩΝΣΤΑΝΤΟΠΟΥΛΟΥ, ΖΩΗ	F	-
ParlaMint-GR_2015-02-24-S1-commons.u191	Minutes of the assembly of the greek parliament, Term 16, session 1, sitting 8, 2015-02-24	2015-02-24	2015-02-24		ΙΣΤ					Reference	Regular	MP	Ν.Δ.	Νέα Δημοκρατία	Opposition	ΜΗΤΣΟΤΑΚΗΣ, ΚΥΡΙΑΚΟΣ	M	-
ParlaMint-GR_2015-02-24-S1-commons.u192	Minutes of the assembly of the greek parliament, Term 16, session 1, sitting 8, 2015-02-24	2015-02-24	2015-02-24		ΙΣΤ					Reference	Chairperson	MP	ΣΥ.ΡΙΖ.Α.	Συνασπισμός Ριζοσπαστικής Αριστεράς - Προοδευτική Συμμαχία	Coalition	ΚΩΝΣΤΑΝΤΟΠΟΥΛΟΥ, ΖΩΗ	F	-
ParlaMint-GR_2015-02-24-S1-commons.u193	Minutes of the assembly of the greek parliament, Term 16, session 1, sitting 8, 2015-02-24	2015-02-24	2015-02-24		ΙΣΤ					Reference	Regular	MP	Ν.Δ.	Νέα Δημοκρατία	Opposition	ΜΗΤΣΟΤΑΚΗΣ, ΚΥΡΙΑΚΟΣ	M	-
ParlaMint-GR_2015-02-24-S1-commons.u194	Minutes of the assembly of the greek parliament, Term 16, session 1, sitting 8, 2015-02-24	2015-02-24	2015-02-24		ΙΣΤ					Reference	Chairperson	MP	ΣΥ.ΡΙΖ.Α.	Συνασπισμός Ριζοσπαστικής Αριστεράς - Προοδευτική Συμμαχία	Coalition	ΚΩΝΣΤΑΝΤΟΠΟΥΛΟΥ, ΖΩΗ	F	-
ParlaMint-GR_2015-02-24-S1-commons.u195	Minutes of the assembly of the greek parliament, Term 16, session 1, sitting 8, 2015-02-24	2015-02-24	2015-02-24		ΙΣΤ					Reference	Regular	MP	Ν.Δ.	Νέα Δημοκρατία	Opposition	ΜΗΤΣΟΤΑΚΗΣ, ΚΥΡΙΑΚΟΣ	M	-
ParlaMint-GR_2015-02-24-S1-commons.u196	Minutes of the assembly of the greek parliament, Term 16, session 1, sitting 8, 2015-02-24	2015-02-24	2015-02-24		ΙΣΤ					Reference	Chairperson	MP	ΣΥ.ΡΙΖ.Α.	Συνασπισμός Ριζοσπαστικής Αριστεράς - Προοδευτική Συμμαχία	Coalition	ΚΩΝΣΤΑΝΤΟΠΟΥΛΟΥ, ΖΩΗ	F	-
ParlaMint-GR_2015-02-24-S1-commons.u197	Minutes of the assembly of the greek parliament, Term 16, session 1, sitting 8, 2015-02-24	2015-02-24	2015-02-24		ΙΣΤ					Reference	Regular	MP	Ν.Δ.	Νέα Δημοκρατία	Opposition	ΜΗΤΣΟΤΑΚΗΣ, ΚΥΡΙΑΚΟΣ	M	-
ParlaMint-GR_2015-02-24-S1-commons.u198	Minutes of the assembly of the greek parliament, Term 16, session 1, sitting 8, 2015-02-24	2015-02-24	2015-02-24		ΙΣΤ					Reference	Chairperson	MP	ΣΥ.ΡΙΖ.Α.	Συνασπισμός Ριζοσπαστικής Αριστεράς - Προοδευτική Συμμαχία	Coalition	ΚΩΝΣΤΑΝΤΟΠΟΥΛΟΥ, ΖΩΗ	F	-
ParlaMint-GR_2015-02-24-S1-commons.u199	Minutes of the assembly of the greek parliament, Term 16, session 1, sitting 8, 2015-02-24	2015-02-24	2015-02-24		ΙΣΤ					Reference	Regular	MP	Ν.Δ.	Νέα Δημοκρατία	Opposition	ΜΗΤΣΟΤΑΚΗΣ, ΚΥΡΙΑΚΟΣ	M	-
ParlaMint-GR_2015-02-24-S1-commons.u200	Minutes of the assembly of the greek parliament, Term 16, session 1, sitting 8, 2015-02-24	2015-02-24	2015-02-24		ΙΣΤ					Reference	Chairperson	MP	ΣΥ.ΡΙΖ.Α.	Συνασπισμός Ριζοσπαστικής Αριστεράς - Προοδευτική Συμμαχία	Coalition	ΚΩΝΣΤΑΝΤΟΠΟΥΛΟΥ, ΖΩΗ	F	-
ParlaMint-GR_2015-02-24-S1-commons.u201	Minutes of the assembly of the greek parliament, Term 16, session 1, sitting 8, 2015-02-24	2015-02-24	2015-02-24		ΙΣΤ					Reference	Regular	MP	Ν.Δ.	Νέα Δημοκρατία	Opposition	ΜΗΤΣΟΤΑΚΗΣ, ΚΥΡΙΑΚΟΣ	M	-
ParlaMint-GR_2015-02-24-S1-commons.u202	Minutes of the assembly of the greek parliament, Term 16, session 1, sitting 8, 2015-02-24	2015-02-24	2015-02-24		ΙΣΤ					Reference	Chairperson	MP	ΣΥ.ΡΙΖ.Α.	Συνασπισμός Ριζοσπαστικής Αριστεράς - Προοδευτική Συμμαχία	Coalition	ΚΩΝΣΤΑΝΤΟΠΟΥΛΟΥ, ΖΩΗ	F	-
ParlaMint-GR_2015-02-24-S1-commons.u203	Minutes of the assembly of the greek parliament, Term 16, session 1, sitting 8, 2015-02-24	2015-02-24	2015-02-24		ΙΣΤ					Reference	Regular	MP	Ν.Δ.	Νέα Δημοκρατία	Opposition	ΑΘΑΝΑΣΙΟΥ, ΧΑΡΑΛΑΜΠΟΣ	M	-
ParlaMint-GR_2015-02-24-S1-commons.u204	Minutes of the assembly of the greek parliament, Term 16, session 1, sitting 8, 2015-02-24	2015-02-24	2015-02-24		ΙΣΤ					Reference	Regular	MP	Χ.Α.	Λαϊκός Σύνδεσμος - Χρυσή Αυγή	Opposition	ΖΑΡΟΥΛΙΑ, ΕΛΕΝΗ	F	-
ParlaMint-GR_2015-02-24-S1-commons.u205	Minutes of the assembly of the greek parliament, Term 16, session 1, sitting 8, 2015-02-24	2015-02-24	2015-02-24		ΙΣΤ					Reference	Chairperson	MP	ΣΥ.ΡΙΖ.Α.	Συνασπισμός Ριζοσπαστικής Αριστεράς - Προοδευτική Συμμαχία	Coalition	ΚΩΝΣΤΑΝΤΟΠΟΥΛΟΥ, ΖΩΗ	F	-
ParlaMint-GR_2015-02-24-S1-commons.u206	Minutes of the assembly of the greek parliament, Term 16, session 1, sitting 8, 2015-02-24	2015-02-24	2015-02-24		ΙΣΤ					Reference	Regular	MP	ΣΥ.ΡΙΖ.Α.	Συνασπισμός Ριζοσπαστικής Αριστεράς - Προοδευτική Συμμαχία	Coalition	ΒΟΥΤΣΗΣ, ΝΙΚΟΛΑΟΣ	M	-
ParlaMint-GR_2015-02-24-S1-commons.u207	Minutes of the assembly of the greek parliament, Term 16, session 1, sitting 8, 2015-02-24	2015-02-24	2015-02-24		ΙΣΤ					Reference	Regular	MP	Ν.Δ.	Νέα Δημοκρατία	Opposition	ΒΟΥΛΤΕΨΗ, ΣΟΦΙΑ	F	-
ParlaMint-GR_2015-02-24-S1-commons.u208	Minutes of the assembly of the greek parliament, Term 16, session 1, sitting 8, 2015-02-24	2015-02-24	2015-02-24		ΙΣΤ					Reference	Regular	MP	ΣΥ.ΡΙΖ.Α.	Συνασπισμός Ριζοσπαστικής Αριστεράς - Προοδευτική Συμμαχία	Coalition	ΒΟΥΤΣΗΣ, ΝΙΚΟΛΑΟΣ	M	-
ParlaMint-GR_2015-02-24-S1-commons.u209	Minutes of the assembly of the greek parliament, Term 16, session 1, sitting 8, 2015-02-24	2015-02-24	2015-02-24		ΙΣΤ					Reference	Chairperson	MP	ΣΥ.ΡΙΖ.Α.	Συνασπισμός Ριζοσπαστικής Αριστεράς - Προοδευτική Συμμαχία	Coalition	ΚΩΝΣΤΑΝΤΟΠΟΥΛΟΥ, ΖΩΗ	F	-
ParlaMint-GR_2015-02-24-S1-commons.u210	Minutes of the assembly of the greek parliament, Term 16, session 1, sitting 8, 2015-02-24	2015-02-24	2015-02-24		ΙΣΤ					Reference	Regular	MP	Ν.Δ.	Νέα Δημοκρατία	Opposition	ΑΘΑΝΑΣΙΟΥ, ΧΑΡΑΛΑΜΠΟΣ	M	-
ParlaMint-GR_2015-02-24-S1-commons.u211	Minutes of the assembly of the greek parliament, Term 16, session 1, sitting 8, 2015-02-24	2015-02-24	2015-02-24		ΙΣΤ					Reference	Chairperson	MP	ΣΥ.ΡΙΖ.Α.	Συνασπισμός Ριζοσπαστικής Αριστεράς - Προοδευτική Συμμαχία	Coalition	ΚΩΝΣΤΑΝΤΟΠΟΥΛΟΥ, ΖΩΗ	F	-
ParlaMint-GR_2015-02-24-S1-commons.u212	Minutes of the assembly of the greek parliament, Term 16, session 1, sitting 8, 2015-02-24	2015-02-24	2015-02-24		ΙΣΤ					Reference	Regular	MP	ΠΑ.ΣΟ.Κ.	Πανελλήνιο Σοσιαλιστικό Κίνημα	Opposition	ΒΕΝΙΖΕΛΟΣ, ΕΥΑΓΓΕΛΟΣ	M	-
ParlaMint-GR_2015-02-24-S1-commons.u213	Minutes of the assembly of the greek parliament, Term 16, session 1, sitting 8, 2015-02-24	2015-02-24	2015-02-24		ΙΣΤ					Reference	Chairperson	MP	ΣΥ.ΡΙΖ.Α.	Συνασπισμός Ριζοσπαστικής Αριστεράς - Προοδευτική Συμμαχία	Coalition	ΚΩΝΣΤΑΝΤΟΠΟΥΛΟΥ, ΖΩΗ	F	-
ParlaMint-GR_2015-02-24-S1-commons.u214	Minutes of the assembly of the greek parliament, Term 16, session 1, sitting 8, 2015-02-24	2015-02-24	2015-02-24		ΙΣΤ					Reference	Regular	MP	ΠΑ.ΣΟ.Κ.	Πανελλήνιο Σοσιαλιστικό Κίνημα	Opposition	ΒΕΝΙΖΕΛΟΣ, ΕΥΑΓΓΕΛΟΣ	M	-
ParlaMint-GR_2015-02-24-S1-commons.u215	Minutes of the assembly of the greek parliament, Term 16, session 1, sitting 8, 2015-02-24	2015-02-24	2015-02-24		ΙΣΤ					Reference	Regular	MP	Ν.Δ.	Νέα Δημοκρατία	Opposition	ΜΗΤΣΟΤΑΚΗΣ, ΚΥΡΙΑΚΟΣ	M	-
ParlaMint-GR_2015-02-24-S1-commons.u216	Minutes of the assembly of the greek parliament, Term 16, session 1, sitting 8, 2015-02-24	2015-02-24	2015-02-24		ΙΣΤ					Reference	Chairperson	MP	ΣΥ.ΡΙΖ.Α.	Συνασπισμός Ριζοσπαστικής Αριστεράς - Προοδευτική Συμμαχία	Coalition	ΚΩΝΣΤΑΝΤΟΠΟΥΛΟΥ, ΖΩΗ	F	-
ParlaMint-GR_2015-02-24-S1-commons.u217	Minutes of the assembly of the greek parliament, Term 16, session 1, sitting 8, 2015-02-24	2015-02-24	2015-02-24		ΙΣΤ					Reference	Regular	MP	ΠΑ.ΣΟ.Κ.	Πανελλήνιο Σοσιαλιστικό Κίνημα	Opposition	ΒΕΝΙΖΕΛΟΣ, ΕΥΑΓΓΕΛΟΣ	M	-
ParlaMint-GR_2015-02-24-S1-commons.u218	Minutes of the assembly of the greek parliament, Term 16, session 1, sitting 8, 2015-02-24	2015-02-24	2015-02-24		ΙΣΤ					Reference	Chairperson	MP	ΣΥ.ΡΙΖ.Α.	Συνασπισμός Ριζοσπαστικής Αριστεράς - Προοδευτική Συμμαχία	Coalition	ΚΩΝΣΤΑΝΤΟΠΟΥΛΟΥ, ΖΩΗ	F	-
ParlaMint-GR_2015-02-24-S1-commons.u219	Minutes of the assembly of the greek parliament, Term 16, session 1, sitting 8, 2015-02-24	2015-02-24	2015-02-24		ΙΣΤ					Reference	Regular	MP	ΠΑ.ΣΟ.Κ.	Πανελλήνιο Σοσιαλιστικό Κίνημα	Opposition	ΒΕΝΙΖΕΛΟΣ, ΕΥΑΓΓΕΛΟΣ	M	-
ParlaMint-GR_2015-02-24-S1-commons.u220	Minutes of the assembly of the greek parliament, Term 16, session 1, sitting 8, 2015-02-24	2015-02-24	2015-02-24		ΙΣΤ					Reference	Chairperson	MP	ΣΥ.ΡΙΖ.Α.	Συνασπισμός Ριζοσπαστικής Αριστεράς - Προοδευτική Συμμαχία	Coalition	ΚΩΝΣΤΑΝΤΟΠΟΥΛΟΥ, ΖΩΗ	F	-
ParlaMint-GR_2015-02-24-S1-commons.u221	Minutes of the assembly of the greek parliament, Term 16, session 1, sitting 8, 2015-02-24	2015-02-24	2015-02-24		ΙΣΤ					Reference	Regular	MP	ΠΑ.ΣΟ.Κ.	Πανελλήνιο Σοσιαλιστικό Κίνημα	Opposition	ΒΕΝΙΖΕΛΟΣ, ΕΥΑΓΓΕΛΟΣ	M	-
ParlaMint-GR_2015-02-24-S1-commons.u222	Minutes of the assembly of the greek parliament, Term 16, session 1, sitting 8, 2015-02-24	2015-02-24	2015-02-24		ΙΣΤ					Reference	Chairperson	MP	ΣΥ.ΡΙΖ.Α.	Συνασπισμός Ριζοσπαστικής Αριστεράς - Προοδευτική Συμμαχία	Coalition	ΚΩΝΣΤΑΝΤΟΠΟΥΛΟΥ, ΖΩΗ	F	-
ParlaMint-GR_2015-02-24-S1-commons.u223	Minutes of the assembly of the greek parliament, Term 16, session 1, sitting 8, 2015-02-24	2015-02-24	2015-02-24		ΙΣΤ					Reference	Regular	MP	ΠΑ.ΣΟ.Κ.	Πανελλήνιο Σοσιαλιστικό Κίνημα	Opposition	ΒΕΝΙΖΕΛΟΣ, ΕΥΑΓΓΕΛΟΣ	M	-
ParlaMint-GR_2015-02-24-S1-commons.u224	Minutes of the assembly of the greek parliament, Term 16, session 1, sitting 8, 2015-02-24	2015-02-24	2015-02-24		ΙΣΤ					Reference	Chairperson	MP	ΣΥ.ΡΙΖ.Α.	Συνασπισμός Ριζοσπαστικής Αριστεράς - Προοδευτική Συμμαχία	Coalition	ΚΩΝΣΤΑΝΤΟΠΟΥΛΟΥ, ΖΩΗ	F	-
ParlaMint-GR_2015-02-24-S1-commons.u225	Minutes of the assembly of the greek parliament, Term 16, session 1, sitting 8, 2015-02-24	2015-02-24	2015-02-24		ΙΣΤ					Reference	Regular	MP	ΠΑ.ΣΟ.Κ.	Πανελλήνιο Σοσιαλιστικό Κίνημα	Opposition	ΒΕΝΙΖΕΛΟΣ, ΕΥΑΓΓΕΛΟΣ	M	-
ParlaMint-GR_2015-02-24-S1-commons.u226	Minutes of the assembly of the greek parliament, Term 16, session 1, sitting 8, 2015-02-24	2015-02-24	2015-02-24		ΙΣΤ					Reference	Chairperson	MP	ΣΥ.ΡΙΖ.Α.	Συνασπισμός Ριζοσπαστικής Αριστεράς - Προοδευτική Συμμαχία	Coalition	ΚΩΝΣΤΑΝΤΟΠΟΥΛΟΥ, ΖΩΗ	F	-
ParlaMint-GR_2015-02-24-S1-commons.u227	Minutes of the assembly of the greek parliament, Term 16, session 1, sitting 8, 2015-02-24	2015-02-24	2015-02-24		ΙΣΤ					Reference	Regular	MP	ΠΑ.ΣΟ.Κ.	Πανελλήνιο Σοσιαλιστικό Κίνημα	Opposition	ΒΕΝΙΖΕΛΟΣ, ΕΥΑΓΓΕΛΟΣ	M	-
ParlaMint-GR_2015-02-24-S1-commons.u228	Minutes of the assembly of the greek parliament, Term 16, session 1, sitting 8, 2015-02-24	2015-02-24	2015-02-24		ΙΣΤ					Reference	Chairperson	MP	ΣΥ.ΡΙΖ.Α.	Συνασπισμός Ριζοσπαστικής Αριστεράς - Προοδευτική Συμμαχία	Coalition	ΚΩΝΣΤΑΝΤΟΠΟΥΛΟΥ, ΖΩΗ	F	-
ParlaMint-GR_2015-02-24-S1-commons.u229	Minutes of the assembly of the greek parliament, Term 16, session 1, sitting 8, 2015-02-24	2015-02-24	2015-02-24		ΙΣΤ					Reference	Regular	MP	ΠΑ.ΣΟ.Κ.	Πανελλήνιο Σοσιαλιστικό Κίνημα	Opposition	ΒΕΝΙΖΕΛΟΣ, ΕΥΑΓΓΕΛΟΣ	M	-
ParlaMint-GR_2015-02-24-S1-commons.u230	Minutes of the assembly of the greek parliament, Term 16, session 1, sitting 8, 2015-02-24	2015-02-24	2015-02-24		ΙΣΤ					Reference	Chairperson	MP	ΣΥ.ΡΙΖ.Α.	Συνασπισμός Ριζοσπαστικής Αριστεράς - Προοδευτική Συμμαχία	Coalition	ΚΩΝΣΤΑΝΤΟΠΟΥΛΟΥ, ΖΩΗ	F	-
ParlaMint-GR_2015-02-24-S1-commons.u231	Minutes of the assembly of the greek parliament, Term 16, session 1, sitting 8, 2015-02-24	2015-02-24	2015-02-24		ΙΣΤ					Reference	Regular	MP	ΠΑ.ΣΟ.Κ.	Πανελλήνιο Σοσιαλιστικό Κίνημα	Opposition	ΒΕΝΙΖΕΛΟΣ, ΕΥΑΓΓΕΛΟΣ	M	-
ParlaMint-GR_2015-02-24-S1-commons.u232	Minutes of the assembly of the greek parliament, Term 16, session 1, sitting 8, 2015-02-24	2015-02-24	2015-02-24		ΙΣΤ					Reference	Chairperson	MP	ΣΥ.ΡΙΖ.Α.	Συνασπισμός Ριζοσπαστικής Αριστεράς - Προοδευτική Συμμαχία	Coalition	ΚΩΝΣΤΑΝΤΟΠΟΥΛΟΥ, ΖΩΗ	F	-
ParlaMint-GR_2015-02-24-S1-commons.u233	Minutes of the assembly of the greek parliament, Term 16, session 1, sitting 8, 2015-02-24	2015-02-24	2015-02-24		ΙΣΤ					Reference	Regular	MP	ΠΑ.ΣΟ.Κ.	Πανελλήνιο Σοσιαλιστικό Κίνημα	Opposition	ΒΕΝΙΖΕΛΟΣ, ΕΥΑΓΓΕΛΟΣ	M	-
ParlaMint-GR_2015-02-24-S1-commons.u234	Minutes of the assembly of the greek parliament, Term 16, session 1, sitting 8, 2015-02-24	2015-02-24	2015-02-24		ΙΣΤ					Reference	Regular	MP	Ν.Δ.	Νέα Δημοκρατία	Opposition	ΜΕΙΜΑΡΑΚΗΣ, ΕΥΑΓΓΕΛΟΣ ΒΑΣΙΛΕΙΟΣ	M	-
ParlaMint-GR_2015-02-24-S1-commons.u235	Minutes of the assembly of the greek parliament, Term 16, session 1, sitting 8, 2015-02-24	2015-02-24	2015-02-24		ΙΣΤ					Reference	Regular	MP	ΠΑ.ΣΟ.Κ.	Πανελλήνιο Σοσιαλιστικό Κίνημα	Opposition	ΒΕΝΙΖΕΛΟΣ, ΕΥΑΓΓΕΛΟΣ	M	-
ParlaMint-GR_2015-02-24-S1-commons.u236	Minutes of the assembly of the greek parliament, Term 16, session 1, sitting 8, 2015-02-24	2015-02-24	2015-02-24		ΙΣΤ					Reference	Regular	MP	ΣΥ.ΡΙΖ.Α.	Συνασπισμός Ριζοσπαστικής Αριστεράς - Προοδευτική Συμμαχία	Coalition	ΛΑΦΑΖΑΝΗΣ, ΠΑΝΑΓΙΩΤΗΣ	M	-
ParlaMint-GR_2015-02-24-S1-commons.u237	Minutes of the assembly of the greek parliament, Term 16, session 1, sitting 8, 2015-02-24	2015-02-24	2015-02-24		ΙΣΤ					Reference	Regular	MP	ΠΑ.ΣΟ.Κ.	Πανελλήνιο Σοσιαλιστικό Κίνημα	Opposition	ΒΕΝΙΖΕΛΟΣ, ΕΥΑΓΓΕΛΟΣ	M	-
ParlaMint-GR_2015-02-24-S1-commons.u238	Minutes of the assembly of the greek parliament, Term 16, session 1, sitting 8, 2015-02-24	2015-02-24	2015-02-24		ΙΣΤ					Reference	Regular	MP	ΣΥ.ΡΙΖ.Α.	Συνασπισμός Ριζοσπαστικής Αριστεράς - Προοδευτική Συμμαχία	Coalition	ΛΑΦΑΖΑΝΗΣ, ΠΑΝΑΓΙΩΤΗΣ	M	-
ParlaMint-GR_2015-02-24-S1-commons.u239	Minutes of the assembly of the greek parliament, Term 16, session 1, sitting 8, 2015-02-24	2015-02-24	2015-02-24		ΙΣΤ					Reference	Regular	MP	ΠΑ.ΣΟ.Κ.	Πανελλήνιο Σοσιαλιστικό Κίνημα	Opposition	ΒΕΝΙΖΕΛΟΣ, ΕΥΑΓΓΕΛΟΣ	M	-
ParlaMint-GR_2015-02-24-S1-commons.u240	Minutes of the assembly of the greek parliament, Term 16, session 1, sitting 8, 2015-02-24	2015-02-24	2015-02-24		ΙΣΤ					Reference	Chairperson	MP	ΣΥ.ΡΙΖ.Α.	Συνασπισμός Ριζοσπαστικής Αριστεράς - Προοδευτική Συμμαχία	Coalition	ΚΩΝΣΤΑΝΤΟΠΟΥΛΟΥ, ΖΩΗ	F	-
ParlaMint-GR_2015-02-24-S1-commons.u241	Minutes of the assembly of the greek parliament, Term 16, session 1, sitting 8, 2015-02-24	2015-02-24	2015-02-24		ΙΣΤ					Reference	Regular	MP	ΠΑ.ΣΟ.Κ.	Πανελλήνιο Σοσιαλιστικό Κίνημα	Opposition	ΒΕΝΙΖΕΛΟΣ, ΕΥΑΓΓΕΛΟΣ	M	-
ParlaMint-GR_2015-02-24-S1-commons.u242	Minutes of the assembly of the greek parliament, Term 16, session 1, sitting 8, 2015-02-24	2015-02-24	2015-02-24		ΙΣΤ					Reference	Chairperson	MP	ΣΥ.ΡΙΖ.Α.	Συνασπισμός Ριζοσπαστικής Αριστεράς - Προοδευτική Συμμαχία	Coalition	ΚΩΝΣΤΑΝΤΟΠΟΥΛΟΥ, ΖΩΗ	F	-
ParlaMint-GR_2015-02-24-S1-commons.u243	Minutes of the assembly of the greek parliament, Term 16, session 1, sitting 8, 2015-02-24	2015-02-24	2015-02-24		ΙΣΤ					Reference	Regular	MP	ΠΑ.ΣΟ.Κ.	Πανελλήνιο Σοσιαλιστικό Κίνημα	Opposition	ΒΕΝΙΖΕΛΟΣ, ΕΥΑΓΓΕΛΟΣ	M	-
ParlaMint-GR_2015-02-24-S1-commons.u244	Minutes of the assembly of the greek parliament, Term 16, session 1, sitting 8, 2015-02-24	2015-02-24	2015-02-24		ΙΣΤ					Reference	Chairperson	MP	ΣΥ.ΡΙΖ.Α.	Συνασπισμός Ριζοσπαστικής Αριστεράς - Προοδευτική Συμμαχία	Coalition	ΚΩΝΣΤΑΝΤΟΠΟΥΛΟΥ, ΖΩΗ	F	-
ParlaMint-GR_2015-02-24-S1-commons.u245	Minutes of the assembly of the greek parliament, Term 16, session 1, sitting 8, 2015-02-24	2015-02-24	2015-02-24		ΙΣΤ					Reference	Regular	MP	ΠΑ.ΣΟ.Κ.	Πανελλήνιο Σοσιαλιστικό Κίνημα	Opposition	ΒΕΝΙΖΕΛΟΣ, ΕΥΑΓΓΕΛΟΣ	M	-
ParlaMint-GR_2015-02-24-S1-commons.u246	Minutes of the assembly of the greek parliament, Term 16, session 1, sitting 8, 2015-02-24	2015-02-24	2015-02-24		ΙΣΤ					Reference	Chairperson	MP	ΣΥ.ΡΙΖ.Α.	Συνασπισμός Ριζοσπαστικής Αριστεράς - Προοδευτική Συμμαχία	Coalition	ΚΩΝΣΤΑΝΤΟΠΟΥΛΟΥ, ΖΩΗ	F	-
ParlaMint-GR_2015-02-24-S1-commons.u247	Minutes of the assembly of the greek parliament, Term 16, session 1, sitting 8, 2015-02-24	2015-02-24	2015-02-24		ΙΣΤ					Reference	Regular	MP	ΠΑ.ΣΟ.Κ.	Πανελλήνιο Σοσιαλιστικό Κίνημα	Opposition	ΒΕΝΙΖΕΛΟΣ, ΕΥΑΓΓΕΛΟΣ	M	-
ParlaMint-GR_2015-02-24-S1-commons.u248	Minutes of the assembly of the greek parliament, Term 16, session 1, sitting 8, 2015-02-24	2015-02-24	2015-02-24		ΙΣΤ					Reference	Chairperson	MP	ΣΥ.ΡΙΖ.Α.	Συνασπισμός Ριζοσπαστικής Αριστεράς - Προοδευτική Συμμαχία	Coalition	ΚΩΝΣΤΑΝΤΟΠΟΥΛΟΥ, ΖΩΗ	F	-
ParlaMint-GR_2015-02-24-S1-commons.u249	Minutes of the assembly of the greek parliament, Term 16, session 1, sitting 8, 2015-02-24	2015-02-24	2015-02-24		ΙΣΤ					Reference	Regular	MP	ΠΑ.ΣΟ.Κ.	Πανελλήνιο Σοσιαλιστικό Κίνημα	Opposition	ΒΕΝΙΖΕΛΟΣ, ΕΥΑΓΓΕΛΟΣ	M	-
ParlaMint-GR_2015-02-24-S1-commons.u250	Minutes of the assembly of the greek parliament, Term 16, session 1, sitting 8, 2015-02-24	2015-02-24	2015-02-24		ΙΣΤ					Reference	Chairperson	MP	ΣΥ.ΡΙΖ.Α.	Συνασπισμός Ριζοσπαστικής Αριστεράς - Προοδευτική Συμμαχία	Coalition	ΚΩΝΣΤΑΝΤΟΠΟΥΛΟΥ, ΖΩΗ	F	-
ParlaMint-GR_2015-02-24-S1-commons.u251	Minutes of the assembly of the greek parliament, Term 16, session 1, sitting 8, 2015-02-24	2015-02-24	2015-02-24		ΙΣΤ					Reference	Regular	MP	Ν.Δ.	Νέα Δημοκρατία	Opposition	ΜΗΤΣΟΤΑΚΗΣ, ΚΥΡΙΑΚΟΣ	M	-
ParlaMint-GR_2015-02-24-S1-commons.u252	Minutes of the assembly of the greek parliament, Term 16, session 1, sitting 8, 2015-02-24	2015-02-24	2015-02-24		ΙΣΤ					Reference	Chairperson	MP	ΣΥ.ΡΙΖ.Α.	Συνασπισμός Ριζοσπαστικής Αριστεράς - Προοδευτική Συμμαχία	Coalition	ΚΩΝΣΤΑΝΤΟΠΟΥΛΟΥ, ΖΩΗ	F	-
ParlaMint-GR_2015-02-24-S1-commons.u253	Minutes of the assembly of the greek parliament, Term 16, session 1, sitting 8, 2015-02-24	2015-02-24	2015-02-24		ΙΣΤ					Reference	Regular	MP	K.K.E.	Κομμουνιστικό Κόμμα Ελλάδος	Opposition	ΠΑΦΙΛΗΣ, ΑΘΑΝΑΣΙΟΣ	M	-
ParlaMint-GR_2015-02-24-S1-commons.u254	Minutes of the assembly of the greek parliament, Term 16, session 1, sitting 8, 2015-02-24	2015-02-24	2015-02-24		ΙΣΤ					Reference	Regular	MP	Ν.Δ.	Νέα Δημοκρατία	Opposition	ΜΠΟΥΡΑΣ, ΑΘΑΝΑΣΙΟΣ	M	-
ParlaMint-GR_2015-02-24-S1-commons.u255	Minutes of the assembly of the greek parliament, Term 16, session 1, sitting 8, 2015-02-24	2015-02-24	2015-02-24		ΙΣΤ					Reference	Regular	MP	Ν.Δ.	Νέα Δημοκρατία	Opposition	ΓΕΩΡΓΙΑΔΗΣ, ΣΠΥΡΙΔΩΝ ΑΔΩΝΙΣ	M	-
ParlaMint-GR_2015-02-24-S1-commons.u256	Minutes of the assembly of the greek parliament, Term 16, session 1, sitting 8, 2015-02-24	2015-02-24	2015-02-24		ΙΣΤ					Reference	Regular	MP	K.K.E.	Κομμουνιστικό Κόμμα Ελλάδος	Opposition	ΠΑΦΙΛΗΣ, ΑΘΑΝΑΣΙΟΣ	M	-
ParlaMint-GR_2015-02-24-S1-commons.u257	Minutes of the assembly of the greek parliament, Term 16, session 1, sitting 8, 2015-02-24	2015-02-24	2015-02-24		ΙΣΤ					Reference	Chairperson	MP	ΣΥ.ΡΙΖ.Α.	Συνασπισμός Ριζοσπαστικής Αριστεράς - Προοδευτική Συμμαχία	Coalition	ΚΩΝΣΤΑΝΤΟΠΟΥΛΟΥ, ΖΩΗ	F	-
ParlaMint-GR_2015-02-24-S1-commons.u258	Minutes of the assembly of the greek parliament, Term 16, session 1, sitting 8, 2015-02-24	2015-02-24	2015-02-24		ΙΣΤ					Reference	Regular	MP	ΣΥ.ΡΙΖ.Α.	Συνασπισμός Ριζοσπαστικής Αριστεράς - Προοδευτική Συμμαχία	Coalition	ΦΙΛΗΣ, ΝΙΚΟΛΑΟΣ	M	-
ParlaMint-GR_2015-02-24-S1-commons.u259	Minutes of the assembly of the greek parliament, Term 16, session 1, sitting 8, 2015-02-24	2015-02-24	2015-02-24		ΙΣΤ					Reference	Chairperson	MP	ΣΥ.ΡΙΖ.Α.	Συνασπισμός Ριζοσπαστικής Αριστεράς - Προοδευτική Συμμαχία	Coalition	ΚΩΝΣΤΑΝΤΟΠΟΥΛΟΥ, ΖΩΗ	F	-
ParlaMint-GR_2015-02-24-S1-commons.u260	Minutes of the assembly of the greek parliament, Term 16, session 1, sitting 8, 2015-02-24	2015-02-24	2015-02-24		ΙΣΤ					Reference	Regular	MP	Χ.Α.	Λαϊκός Σύνδεσμος - Χρυσή Αυγή	Opposition	ΠΑΝΑΓΙΩΤΑΡΟΣ, ΗΛΙΑΣ	M	-
ParlaMint-GR_2015-02-24-S1-commons.u261	Minutes of the assembly of the greek parliament, Term 16, session 1, sitting 8, 2015-02-24	2015-02-24	2015-02-24		ΙΣΤ					Reference	Chairperson	MP	ΣΥ.ΡΙΖ.Α.	Συνασπισμός Ριζοσπαστικής Αριστεράς - Προοδευτική Συμμαχία	Coalition	ΚΩΝΣΤΑΝΤΟΠΟΥΛΟΥ, ΖΩΗ	F	-
ParlaMint-GR_2015-02-24-S1-commons.u262	Minutes of the assembly of the greek parliament, Term 16, session 1, sitting 8, 2015-02-24	2015-02-24	2015-02-24		ΙΣΤ					Reference	Regular	MP	Τ.Π.	Το Ποτάμι	Opposition	ΘΕΟΧΑΡΗΣ, ΘΕΟΧΑΡΗΣ	M	-
ParlaMint-GR_2015-02-24-S1-commons.u263	Minutes of the assembly of the greek parliament, Term 16, session 1, sitting 8, 2015-02-24	2015-02-24	2015-02-24		ΙΣΤ					Reference	Chairperson	MP	ΣΥ.ΡΙΖ.Α.	Συνασπισμός Ριζοσπαστικής Αριστεράς - Προοδευτική Συμμαχία	Coalition	ΚΩΝΣΤΑΝΤΟΠΟΥΛΟΥ, ΖΩΗ	F	-
ParlaMint-GR_2015-02-24-S1-commons.u264	Minutes of the assembly of the greek parliament, Term 16, session 1, sitting 8, 2015-02-24	2015-02-24	2015-02-24		ΙΣΤ					Reference	Regular	MP	Ν.Δ.	Νέα Δημοκρατία	Opposition	ΜΗΤΣΟΤΑΚΗΣ, ΚΥΡΙΑΚΟΣ	M	-
ParlaMint-GR_2015-02-24-S1-commons.u265	Minutes of the assembly of the greek parliament, Term 16, session 1, sitting 8, 2015-02-24	2015-02-24	2015-02-24		ΙΣΤ					Reference	Chairperson	MP	ΣΥ.ΡΙΖ.Α.	Συνασπισμός Ριζοσπαστικής Αριστεράς - Προοδευτική Συμμαχία	Coalition	ΚΩΝΣΤΑΝΤΟΠΟΥΛΟΥ, ΖΩΗ	F	-
ParlaMint-GR_2015-02-24-S1-commons.u266	Minutes of the assembly of the greek parliament, Term 16, session 1, sitting 8, 2015-02-24	2015-02-24	2015-02-24		ΙΣΤ					Reference	Regular	MP	ΑΝ.ΕΛ.	ΑΝΕΞΑΡΤΗΤΟΙ ΕΛΛΗΝΕΣ ΕΘΝΙΚΗ ΠΑΤΡΙΩΤΙΚΗ ΔΗΜΟΚΡΑΤΙΚΗ ΣΥΜΑΧΙΑ	Coalition	ΝΙΚΟΛΟΠΟΥΛΟΣ, ΝΙΚΟΛΑΟΣ	M	-
ParlaMint-GR_2015-02-24-S1-commons.u267	Minutes of the assembly of the greek parliament, Term 16, session 1, sitting 8, 2015-02-24	2015-02-24	2015-02-24		ΙΣΤ					Reference	Chairperson	MP	ΣΥ.ΡΙΖ.Α.	Συνασπισμός Ριζοσπαστικής Αριστεράς - Προοδευτική Συμμαχία	Coalition	ΚΩΝΣΤΑΝΤΟΠΟΥΛΟΥ, ΖΩΗ	F	-
ParlaMint-GR_2015-02-24-S1-commons.u268	Minutes of the assembly of the greek parliament, Term 16, session 1, sitting 8, 2015-02-24	2015-02-24	2015-02-24		ΙΣΤ					Reference	Regular	MP	ΑΝ.ΕΛ.	ΑΝΕΞΑΡΤΗΤΟΙ ΕΛΛΗΝΕΣ ΕΘΝΙΚΗ ΠΑΤΡΙΩΤΙΚΗ ΔΗΜΟΚΡΑΤΙΚΗ ΣΥΜΑΧΙΑ	Coalition	ΝΙΚΟΛΟΠΟΥΛΟΣ, ΝΙΚΟΛΑΟΣ	M	-
ParlaMint-GR_2015-02-24-S1-commons.u269	Minutes of the assembly of the greek parliament, Term 16, session 1, sitting 8, 2015-02-24	2015-02-24	2015-02-24		ΙΣΤ					Reference	Chairperson	MP	ΣΥ.ΡΙΖ.Α.	Συνασπισμός Ριζοσπαστικής Αριστεράς - Προοδευτική Συμμαχία	Coalition	ΚΩΝΣΤΑΝΤΟΠΟΥΛΟΥ, ΖΩΗ	F	-
ParlaMint-GR_2015-02-24-S1-commons.u270	Minutes of the assembly of the greek parliament, Term 16, session 1, sitting 8, 2015-02-24	2015-02-24	2015-02-24		ΙΣΤ					Reference	Regular	MP	ΣΥ.ΡΙΖ.Α.	Συνασπισμός Ριζοσπαστικής Αριστεράς - Προοδευτική Συμμαχία	Coalition	ΣΥΡΙΓΟΣ, ΑΝΤΩΝΙΟΣ	M	-
ParlaMint-GR_2015-02-24-S1-commons.u271	Minutes of the assembly of the greek parliament, Term 16, session 1, sitting 8, 2015-02-24	2015-02-24	2015-02-24		ΙΣΤ					Reference	Chairperson	MP	ΣΥ.ΡΙΖ.Α.	Συνασπισμός Ριζοσπαστικής Αριστεράς - Προοδευτική Συμμαχία	Coalition	ΚΩΝΣΤΑΝΤΟΠΟΥΛΟΥ, ΖΩΗ	F	-
ParlaMint-GR_2015-02-24-S1-commons.u272	Minutes of the assembly of the greek parliament, Term 16, session 1, sitting 8, 2015-02-24	2015-02-24	2015-02-24		ΙΣΤ					Reference	Regular	MP	ΣΥ.ΡΙΖ.Α.	Συνασπισμός Ριζοσπαστικής Αριστεράς - Προοδευτική Συμμαχία	Coalition	ΣΥΡΙΓΟΣ, ΑΝΤΩΝΙΟΣ	M	-
ParlaMint-GR_2015-02-24-S1-commons.u273	Minutes of the assembly of the greek parliament, Term 16, session 1, sitting 8, 2015-02-24	2015-02-24	2015-02-24		ΙΣΤ					Reference	Regular	MP	ΣΥ.ΡΙΖ.Α.	Συνασπισμός Ριζοσπαστικής Αριστεράς - Προοδευτική Συμμαχία	Coalition	ΒΑΓΕΝΑ ΚΗΛΑΗΔΟΝΗ, ΑΝΝΑ	F	-
ParlaMint-GR_2015-02-24-S1-commons.u274	Minutes of the assembly of the greek parliament, Term 16, session 1, sitting 8, 2015-02-24	2015-02-24	2015-02-24		ΙΣΤ					Reference	Regular	MP	ΣΥ.ΡΙΖ.Α.	Συνασπισμός Ριζοσπαστικής Αριστεράς - Προοδευτική Συμμαχία	Coalition	ΣΥΡΙΓΟΣ, ΑΝΤΩΝΙΟΣ	M	-
ParlaMint-GR_2015-02-24-S1-commons.u275	Minutes of the assembly of the greek parliament, Term 16, session 1, sitting 8, 2015-02-24	2015-02-24	2015-02-24		ΙΣΤ					Reference	Regular	MP	ΣΥ.ΡΙΖ.Α.	Συνασπισμός Ριζοσπαστικής Αριστεράς - Προοδευτική Συμμαχία	Coalition	ΒΑΓΕΝΑ ΚΗΛΑΗΔΟΝΗ, ΑΝΝΑ	F	-
ParlaMint-GR_2015-02-24-S1-commons.u276	Minutes of the assembly of the greek parliament, Term 16, session 1, sitting 8, 2015-02-24	2015-02-24	2015-02-24		ΙΣΤ					Reference	Chairperson	MP	ΣΥ.ΡΙΖ.Α.	Συνασπισμός Ριζοσπαστικής Αριστεράς - Προοδευτική Συμμαχία	Coalition	ΚΩΝΣΤΑΝΤΟΠΟΥΛΟΥ, ΖΩΗ	F	-
ParlaMint-GR_2015-02-24-S1-commons.u277	Minutes of the assembly of the greek parliament, Term 16, session 1, sitting 8, 2015-02-24	2015-02-24	2015-02-24		ΙΣΤ					Reference	Regular	MP	ΣΥ.ΡΙΖ.Α.	Συνασπισμός Ριζοσπαστικής Αριστεράς - Προοδευτική Συμμαχία	Coalition	ΣΥΡΙΓΟΣ, ΑΝΤΩΝΙΟΣ	M	-
ParlaMint-GR_2015-02-24-S1-commons.u278	Minutes of the assembly of the greek parliament, Term 16, session 1, sitting 8, 2015-02-24	2015-02-24	2015-02-24		ΙΣΤ					Reference	Chairperson	MP	ΣΥ.ΡΙΖ.Α.	Συνασπισμός Ριζοσπαστικής Αριστεράς - Προοδευτική Συμμαχία	Coalition	ΚΩΝΣΤΑΝΤΟΠΟΥΛΟΥ, ΖΩΗ	F	-
ParlaMint-GR_2015-02-24-S1-commons.u279	Minutes of the assembly of the greek parliament, Term 16, session 1, sitting 8, 2015-02-24	2015-02-24	2015-02-24		ΙΣΤ					Reference	Regular	MP	ΣΥ.ΡΙΖ.Α.	Συνασπισμός Ριζοσπαστικής Αριστεράς - Προοδευτική Συμμαχία	Coalition	ΣΥΡΙΓΟΣ, ΑΝΤΩΝΙΟΣ	M	-
ParlaMint-GR_2015-02-24-S1-commons.u280	Minutes of the assembly of the greek parliament, Term 16, session 1, sitting 8, 2015-02-24	2015-02-24	2015-02-24		ΙΣΤ					Reference	Regular	MP	Ν.Δ.	Νέα Δημοκρατία	Opposition	ΓΕΩΡΓΙΑΔΗΣ, ΣΠΥΡΙΔΩΝ ΑΔΩΝΙΣ	M	-
ParlaMint-GR_2015-02-24-S1-commons.u281	Minutes of the assembly of the greek parliament, Term 16, session 1, sitting 8, 2015-02-24	2015-02-24	2015-02-24		ΙΣΤ					Reference	Regular	MP	Ν.Δ.	Νέα Δημοκρατία	Opposition	ΑΘΑΝΑΣΙΟΥ, ΧΑΡΑΛΑΜΠΟΣ	M	-
ParlaMint-GR_2015-02-24-S1-commons.u282	Minutes of the assembly of the greek parliament, Term 16, session 1, sitting 8, 2015-02-24	2015-02-24	2015-02-24		ΙΣΤ					Reference	Regular	MP	ΣΥ.ΡΙΖ.Α.	Συνασπισμός Ριζοσπαστικής Αριστεράς - Προοδευτική Συμμαχία	Coalition	ΣΥΡΙΓΟΣ, ΑΝΤΩΝΙΟΣ	M	-
ParlaMint-GR_2015-02-24-S1-commons.u283	Minutes of the assembly of the greek parliament, Term 16, session 1, sitting 8, 2015-02-24	2015-02-24	2015-02-24		ΙΣΤ					Reference	Regular	MP	Ν.Δ.	Νέα Δημοκρατία	Opposition	ΑΘΑΝΑΣΙΟΥ, ΧΑΡΑΛΑΜΠΟΣ	M	-
ParlaMint-GR_2015-02-24-S1-commons.u284	Minutes of the assembly of the greek parliament, Term 16, session 1, sitting 8, 2015-02-24	2015-02-24	2015-02-24		ΙΣΤ					Reference	Regular	MP	ΣΥ.ΡΙΖ.Α.	Συνασπισμός Ριζοσπαστικής Αριστεράς - Προοδευτική Συμμαχία	Coalition	ΣΥΡΙΓΟΣ, ΑΝΤΩΝΙΟΣ	M	-
ParlaMint-GR_2015-02-24-S1-commons.u285	Minutes of the assembly of the greek parliament, Term 16, session 1, sitting 8, 2015-02-24	2015-02-24	2015-02-24		ΙΣΤ					Reference	Chairperson	MP	ΣΥ.ΡΙΖ.Α.	Συνασπισμός Ριζοσπαστικής Αριστεράς - Προοδευτική Συμμαχία	Coalition	ΚΩΝΣΤΑΝΤΟΠΟΥΛΟΥ, ΖΩΗ	F	-
ParlaMint-GR_2015-02-24-S1-commons.u286	Minutes of the assembly of the greek parliament, Term 16, session 1, sitting 8, 2015-02-24	2015-02-24	2015-02-24		ΙΣΤ					Reference	Regular	MP	Ν.Δ.	Νέα Δημοκρατία	Opposition	ΓΕΩΡΓΑΝΤΑΣ, ΓΕΩΡΓΙΟΣ	M	-
ParlaMint-GR_2015-02-24-S1-commons.u287	Minutes of the assembly of the greek parliament, Term 16, session 1, sitting 8, 2015-02-24	2015-02-24	2015-02-24		ΙΣΤ					Reference	Chairperson	MP	ΣΥ.ΡΙΖ.Α.	Συνασπισμός Ριζοσπαστικής Αριστεράς - Προοδευτική Συμμαχία	Coalition	ΚΩΝΣΤΑΝΤΟΠΟΥΛΟΥ, ΖΩΗ	F	-
ParlaMint-GR_2015-02-24-S1-commons.u288	Minutes of the assembly of the greek parliament, Term 16, session 1, sitting 8, 2015-02-24	2015-02-24	2015-02-24		ΙΣΤ					Reference	Regular	MP	Ν.Δ.	Νέα Δημοκρατία	Opposition	ΓΕΩΡΓΙΑΔΗΣ, ΣΠΥΡΙΔΩΝ ΑΔΩΝΙΣ	M	-
ParlaMint-GR_2015-02-24-S1-commons.u289	Minutes of the assembly of the greek parliament, Term 16, session 1, sitting 8, 2015-02-24	2015-02-24	2015-02-24		ΙΣΤ					Reference	Chairperson	MP	ΣΥ.ΡΙΖ.Α.	Συνασπισμός Ριζοσπαστικής Αριστεράς - Προοδευτική Συμμαχία	Coalition	ΚΩΝΣΤΑΝΤΟΠΟΥΛΟΥ, ΖΩΗ	F	-
ParlaMint-GR_2015-02-24-S1-commons.u290	Minutes of the assembly of the greek parliament, Term 16, session 1, sitting 8, 2015-02-24	2015-02-24	2015-02-24		ΙΣΤ					Reference	Regular	MP	ΑΝ.ΕΛ.	ΑΝΕΞΑΡΤΗΤΟΙ ΕΛΛΗΝΕΣ ΕΘΝΙΚΗ ΠΑΤΡΙΩΤΙΚΗ ΔΗΜΟΚΡΑΤΙΚΗ ΣΥΜΑΧΙΑ	Coalition	ΧΑΙΚΑΛΗΣ, ΠΑΥΛΟΣ	M	-
ParlaMint-GR_2015-02-24-S1-commons.u291	Minutes of the assembly of the greek parliament, Term 16, session 1, sitting 8, 2015-02-24	2015-02-24	2015-02-24		ΙΣΤ					Reference	Chairperson	MP	ΣΥ.ΡΙΖ.Α.	Συνασπισμός Ριζοσπαστικής Αριστεράς - Προοδευτική Συμμαχία	Coalition	ΚΩΝΣΤΑΝΤΟΠΟΥΛΟΥ, ΖΩΗ	F	-
ParlaMint-GR_2015-02-24-S1-commons.u292	Minutes of the assembly of the greek parliament, Term 16, session 1, sitting 8, 2015-02-24	2015-02-24	2015-02-24		ΙΣΤ					Reference	Regular	MP	ΑΝ.ΕΛ.	ΑΝΕΞΑΡΤΗΤΟΙ ΕΛΛΗΝΕΣ ΕΘΝΙΚΗ ΠΑΤΡΙΩΤΙΚΗ ΔΗΜΟΚΡΑΤΙΚΗ ΣΥΜΑΧΙΑ	Coalition	ΧΑΙΚΑΛΗΣ, ΠΑΥΛΟΣ	M	-
ParlaMint-GR_2015-02-24-S1-commons.u293	Minutes of the assembly of the greek parliament, Term 16, session 1, sitting 8, 2015-02-24	2015-02-24	2015-02-24		ΙΣΤ					Reference	Chairperson	MP	ΣΥ.ΡΙΖ.Α.	Συνασπισμός Ριζοσπαστικής Αριστεράς - Προοδευτική Συμμαχία	Coalition	ΚΩΝΣΤΑΝΤΟΠΟΥΛΟΥ, ΖΩΗ	F	-
ParlaMint-GR_2015-02-24-S1-commons.u294	Minutes of the assembly of the greek parliament, Term 16, session 1, sitting 8, 2015-02-24	2015-02-24	2015-02-24		ΙΣΤ					Reference	Chairperson	MP	ΣΥ.ΡΙΖ.Α.	Συνασπισμός Ριζοσπαστικής Αριστεράς - Προοδευτική Συμμαχία	Coalition	ΚΩΝΣΤΑΝΤΟΠΟΥΛΟΥ, ΖΩΗ	F	-
ParlaMint-GR_2015-02-24-S1-commons.u295	Minutes of the assembly of the greek parliament, Term 16, session 1, sitting 8, 2015-02-24	2015-02-24	2015-02-24		ΙΣΤ					Reference	Chairperson	MP	ΣΥ.ΡΙΖ.Α.	Συνασπισμός Ριζοσπαστικής Αριστεράς - Προοδευτική Συμμαχία	Coalition	ΜΠΑΛΑΦΑΣ, ΙΩΑΝΝΗΣ	M	-
ParlaMint-GR_2015-02-24-S1-commons.u296	Minutes of the assembly of the greek parliament, Term 16, session 1, sitting 8, 2015-02-24	2015-02-24	2015-02-24		ΙΣΤ					Reference	Chairperson	MP	ΣΥ.ΡΙΖ.Α.	Συνασπισμός Ριζοσπαστικής Αριστεράς - Προοδευτική Συμμαχία	Coalition	ΜΠΑΛΑΦΑΣ, ΙΩΑΝΝΗΣ	M	-
ParlaMint-GR_2015-02-24-S1-commons.u297	Minutes of the assembly of the greek parliament, Term 16, session 1, sitting 8, 2015-02-24	2015-02-24	2015-02-24		ΙΣΤ					Reference	Chairperson	MP	ΣΥ.ΡΙΖ.Α.	Συνασπισμός Ριζοσπαστικής Αριστεράς - Προοδευτική Συμμαχία	Coalition	ΚΩΝΣΤΑΝΤΟΠΟΥΛΟΥ, ΖΩΗ	F	-
ParlaMint-GR_2015-02-24-S1-commons.u298	Minutes of the assembly of the greek parliament, Term 16, session 1, sitting 8, 2015-02-24	2015-02-24	2015-02-24		ΙΣΤ					Reference	Chairperson	MP	ΣΥ.ΡΙΖ.Α.	Συνασπισμός Ριζοσπαστικής Αριστεράς - Προοδευτική Συμμαχία	Coalition	ΚΩΝΣΤΑΝΤΟΠΟΥΛΟΥ, ΖΩΗ	F	-
ParlaMint-GR_2015-02-24-S1-commons.u299	Minutes of the assembly of the greek parliament, Term 16, session 1, sitting 8, 2015-02-24	2015-02-24	2015-02-24		ΙΣΤ					Reference	Chairperson	MP	ΣΥ.ΡΙΖ.Α.	Συνασπισμός Ριζοσπαστικής Αριστεράς - Προοδευτική Συμμαχία	Coalition	ΚΩΝΣΤΑΝΤΟΠΟΥΛΟΥ, ΖΩΗ	F	-
